link_#,course_id,crosslist,duplicate,corequisite,preparation,prerequisite,similar_mooc
0,BUAD 280,,"BUAD 286, BUAD 305, BUAD 285, BUAD 250",,,,"csr00919, csr01036, csr01893, csr00310, csr00881, csr01870, csr00964, csr02533"
1,BUAD 281,,"BUAD 286, BUAD 305, BUAD 285",,,BUAD 280,"csr00919, csr01036, csr01886, csr01887"
2,BUAD 302,,BUAD 302,,,,
3,BUAD 306,,BUAD 215,"ECON 352, BUAD 310",,"ECON 351, ACCT 410, BUAD 286, BUAD 305, BUAD 285, BUAD 280","csr01840, csr00964, csr02533, csr01038"
4,BUAD 307,,MKT 385,,,,"udc00198, csr01049, csr01825, csr01831, csr01891, csr01035, csr01834"
5,BUAD 310,,ITP 251,,,,"csr01601, csr00706, csr00837, csr00693, csr00929, csr01589, csr00692, csr00928, csr01588, udc00167"
6,BUAD 311,,BUAD 311,,,,"csr01888, csr01039"
7,BUAD 497,,,BUAD 311,,"BUAD 304, BUAD 307, BUAD 286, BUAD 306, BUAD 305, BUAD 285, BUAD 215, BUAD 302, ACCT 410, BUAD 281","csr00705, csr02137, csr02595, csr02209, csr02092, csr00702, csr00703"
8,ECON 351,,ECON 251,ECON 352,,"MATH 118, MATH 226, MATH 125, MATH 126",csr00702
9,ECON 352,,ECON 252,,ECON 351,,csr00703
10,MATH 118,,,,,"MATH 108, MATH 117",
11,MATH 125,,,,,MATH 108,"csr01552, csr01816, csr00652, csr01709, csr00476"
12,ACCT 370,,ACCT 370,,,"BUAD 286, BUAD 305, BUAD 285, BUAD 281",
13,ACCT 371,,ACCT 371,,,"BUAD 286, BUAD 305, BUAD 285, BUAD 281","csr01036, csr00919, csr00310, csr00881, csr01870, csr01893, csr00964, csr02533"
14,ACCT 372,,,,,"BUAD 286, BUAD 305, BUAD 285, BUAD 281",
15,ACCT 373,,,,,"ACCT 371, ACCT 370",
16,ACCT 374,,,,,"BUAD 286, BUAD 305, BUAD 285, BUAD 281",
17,ACCT 377,,,,,ACCT 370,
18,ACCT 430,,,,,"ACCT 377, ACCT 374, ACCT 373, ACCT 372","csr01893, csr00310, csr00881, csr01870"
19,ACCT 470,,ACCT 470,ACCT 377,,ACCT 370,
20,ACCT 473,,,,,ACCT 373,
21,ACCT 474,,ACCT 451,,,ACCT 374,
22,ACCT 416,,,,,"BUAD 306, ACCT 415, BUAD 215, ACCT 370","csr01862, csr01036, csr00919"
23,ACCT 462,,,,,"ACCT 415, ACCT 370",
24,ACCT 463,,,,,"ACCT 373, ACCT 370",
25,ACCT 471,,,,,ACCT 371,"csr00911, csr01893, csr00310, csr00881, csr01870, csr00910, csr00919"
26,ACCT 472,,,,,ACCT 372,csr01886
27,ACCT 475,,,,,ACCT 371,udc00098
28,ACCT 476,,,,,"BUAD 286, BUAD 305, BUAD 285, ACCT 410, BUAD 281","khn00004, khn00014, khn00024, khn00034, khn00044, khn00054, khn00064, khn00074"
29,ACCT 477,,,,,ACCT 377,
30,ACCT 478,,,,,ACCT 371,"csr00310, csr00881, csr01870, csr01893, csr00956, csr01036, csr00919"
31,ACCT 479,,ACCT 454,,,ACCT 478,"csr01893, csr00310, csr00881, csr01870"
32,THTR 105,,,,,"THTR 101, THTR 252, THTR 152",
33,THTR 115,,THTR 115,"THTR 120, THTR 140",,,
34,THTR 120,,,"THTR 115, THTR 140",,,
35,THTR 140,,,"THTR 120, THTR 115",,,
36,THTR 215,,,"THTR 240, THTR 220",,THTR 115,
37,THTR 220,,,,,THTR 120,
38,THTR 240,,,"THTR 220, THTR 215",,THTR 140,
39,THTR 250,,,,,"THTR 252, THTR 220","khn00951, khn00971, khn00961, khn00981, khn00991, khn01001, khn01011, khn01021, khn00956, khn00966"
40,THTR 320,,,"THTR 315, THTR 340",,,
41,THTR 410,,,,,"THTR 101, THTR 252, THTR 152",
42,THTR 411,,,,,"THTR 101, THTR 252, THTR 152",
43,THTR 415,,THTR 415,,,THTR 315,
44,THTR 420,,,,,THTR 320,
45,THTR 427,,,,,"THTR 101, THTR 252",
46,THTR 440,,THTR 440,,,THTR 340,
47,THTR 464,,,,,"THTR 320, THTR 252",
48,THTR 480,,THTR 480,,,,
49,THTR 497,,,,,THTR 397,
50,THTR 225,,,,THTR 125,,
51,THTR 310,,,,"THTR 225, THTR 125",,
52,THTR 312,,,,,THTR 225,
53,THTR 405,,THTR 393,,,,
54,THTR 456,,,,,THTR 225,
55,THTR 460,,,,,THTR 225,
56,THTR 301,,THTR 213,,"THTR 201, THTR 125",,
57,THTR 302,,THTR 214,,"THTR 201, THTR 211, THTR 210",,
58,THTR 313,,,,"THTR 201, THTR 211, THTR 210",,
59,THTR 314,,,,"THTR 201, THTR 211, THTR 210",,
60,THTR 400,,,,,THTR 225,
61,THTR 403,,THTR 303,,,,
62,WRIT 150,,"WRIT 130, WRIT 140",,,,
63,WRIT 340,,,,,"WRIT 130, WRIT 150","csr01505, csr00792, csr02003, csr02003"
64,MATH 126,,,,,MATH 125,csr01709
65,MATH 127,,MATH 126,,,,
66,MATH 129,,"MATH 127, MATH 126",,,MATH 125,
67,MATH 226,,,,,"MATH 127, MATH 126",
68,MATH 227,,MATH 226,,,"MATH 225, MATH 127",
69,MATH 229,,"MATH 226, MATH 227",,,"MATH 129, MATH 127, MATH 126",
70,MATH 245,,,,,"MATH 226, MATH 227",
71,PHYS 151,,,,,"MATH 226, MATH 125, MATH 126",
72,PHYS 161,,,MATH 226,,MATH 126,
73,PHYS 152,,,MATH 226,,"PHYS 151, MATH 126",
74,PHYS 162,,,,,"MATH 226, PHYS 161",
75,PHYS 153,,,,,PHYS 152,udc00162
76,PHYS 163,,,,,PHYS 162,udc00162
77,CHEM 105,,CHEM 115,,,CHEM 050,
78,CHEM 115,,CHEM 105,,,,
79,AME 201,ACAD 203,,,,"AME 101, PHYS 151, MATH 125",
80,AME 204,ACAD 204,,,,"AME 201, CE 205",
81,AME 231,ACAD 231,,AME 204,,,
82,AME 261,,,,ITP 168,,
83,AME 301,ACAD 301,,,,"PHYS 151, AME 201, CE 205",
84,AME 302,,,,,"CE 309, MATH 245, AME 309, AME 301, CE 325",
85,AME 308,,,AME 301,,AME 204,
86,AME 309,,,,,"AME 310, MATH 245, AME 201",
87,AME 310,,,,,"MATH 226, MATH 227, PHYS 151, MATH 229",
88,AME 341,,,,,"PHYS 152, MATH 129, PHYS 162, MATH 127, MATH 126",
89,AME 436,,,,,"AME 310, CE 309, AME 309",
90,AME 441,,,,,AME 341,
91,AME 451,,EE 482,,,"AME 302, MATH 245",
92,ASTE 280,,,,,"MATH 226, PHYS 152",
93,ITP 168,,,,"MATH 118, MATH 125",,
94,AME 459,,,,AME 309,,
95,AME 460,,,,,AME 309,
96,AME 443,,AME 442,,,"AME 451, EE 482, AME 420",
97,AME 457,,,,,"AME 310, CE 309, AME 309",
98,AME 485,,AME 353,,,"MASC 310, AME 231, AME 204",
99,CE 358,,,,,CE 225,"csr00049, csr00090, csr00158, csr00217, csr00547, csr01526, csr01790, csr02181, csr02422"
100,AME 403,,,,,AME 204,
101,AME 420,,,,,MATH 245,
102,AME 408,,,,,"AME 308, CE 225, AME 204",
103,CE 458,,,,,"CE 108, CE 358",
104,AME 453,,,,,MATH 245,
105,AME 430,,,,,"AME 312, AME 331",
106,ASTE 421,,,,,ASTE 330,
107,AME 312,,,,,AME 310,
108,PHYS 316,,,,,"PHYS 152, MATH 226, PHYS 161",
109,AME 331,,,"CE 309, AME 309",,AME 310,
110,AMST 301,,,,"ENGL 263, HIST 100",,
111,HIST 380,,HIST 255,,,,
112,AMST 448,,ENGL 448,,,,
113,ENGL 343,SWMS 343,ENGL 476,,,,
114,AHIS 363,SWMS 363,,,AHIS 121,,
115,ENGL 371,,ENGL 471,,,,
116,ENGL 381,,ENGL 481,,,,
117,ANTH 240,AMST 240,,,ANTH 263,,
118,COMM 371,,JOUR 371,,,,
119,COMM 413,,COMM 370,,,,
120,COMM 415,,,,COMM 311,,
121,COMM 458,,,,,COMM 206,csr01787
122,CRIT 371,,PAS 371,,,,
123,DANC 302,,DANC 402,,,,
124,ENGL 341,SWMS 341,ENGL 469,,,,
125,ENGL 342,SWMS 342,ENGL 470,,,,
126,LING 375,,,,,LING 210,
127,SOCI 342,,,,,SOCI 200,
128,AMST 498,,,,,AMST 200,
129,HIST 355,,HIST 250,,,,
130,MUSC 320,,MUSC 420,,,,
131,AMST 274,,AMST 374,,,,
132,AMST 330,,GEOG 350,,,,
133,AMST 389,,,,,AMST 200,
134,ANTH 445,,,,"AMST 385, ANTH 263",,
135,HIST 265,SWMS 265,,,,,
136,PSYC 462,,,,PSYC 100,,csr02573
137,SOCI 432,AMST 432,,,,"SOCI 200, SOCI 314, SOCI 370, SOCI 313, SOCI 325",
138,AMST 378,,HIST 378,,,,
139,AMST 150,,AMST 377,,,,
140,AMST 373,,HIST 472,,,,
141,HIST 100,,HIST 200,,,,
142,ENGL 442,,,ENGL 263,,,
143,REL 483,,,,REL 301,,
144,AMST 340,,GEOG 340,,,,
145,SOCI 100,,"GEOG 100, AMST 100",,,,
146,SOCI 355,,,,,SOCI 200,
147,ART 110,DES 110,FADW 101,,,,
148,CTAN 102,,,,,CTAN 101,
149,CTAN 201,,,,,CTAN 102,
150,CTAN 202,,,,,CTAN 201,
151,CTAN 301,,,,,CTAN 202,
152,CTAN 302,,,,,CTAN 301,
153,CTAN 336,,,,,CTAN 301,
154,CTAN 401,,,,,CTAN 336,
155,CNTV 495,,"CTPR 495, CTIN 495",,,,
156,PHED 120,,PHED 120,,,,
157,DANC 181,,THTR 181,,,,
158,DANC 184,,THTR 184,,,,
159,DANC 188,,THTR 188,,,,
160,DANC 189,,THTR 189,,,,
161,ANTH 202,"CLAS 202, ARCG 202",,,,,
162,HBIO 200,ANTH 200,ANTH 200,,,,
163,ANTH 410,,,,,ANTH 201,
164,ANTH 302,,,,"ANTH 202, GEOL 105, GEOL 150",,
165,ANTH 370,SWMS 370,,,,,
166,ANTH 481,ARCG 481,,,"ANTH 202, SSCI 382",,
167,HBIO 300,ANTH 300,ANTH 300,,,,
168,HBIO 405,ANTH 405,ANTH 405,,,"HBIO 200, BISC 120, BISC 121",
169,ANTH 310,ARCG 310,,,,,
170,ANTH 491,,,,,ANTH 201,
171,HBIO 406,ANTH 406,,,,HBIO 200,
172,HBIO 306,ANTH 306,ANTH 306,,HBIO 200,,
173,HBIO 308,ANTH 308,ANTH 308,,,,
174,MATH 225,,,,,"MATH 127, MATH 126","udc00142, udc00158"
175,MATH 407,,,,,"MATH 226, MATH 227","khn00877, khn00897, khn00927, khn00937, khn00947, khn00881, khn00901, khn00911, khn00871, khn00891"
176,MATH 458,,,,,"MATH 245, MATH 225",
177,MATH 370,,,,,"MATH 226, MATH 227, MATH 225, MATH 245",udc00152
178,MATH 408,,,,,MATH 407,udc00167
179,MATH 410,,,,,"MATH 225, MATH 450",
180,MATH 425,,,,,"MATH 226, MATH 227, MATH 450",
181,MATH 430,,,,,"MATH 127, MATH 126",
182,MATH 432,,,,,"MATH 226, MATH 227, MATH 225","csr00439, csr00641, csr01538, csr01577, csr00231"
183,MATH 435,,,,,"MATH 226, MATH 227",
184,MATH 445,,,,,"MATH 226, MATH 227, MATH 225, MATH 245",
185,MATH 466,,,,,"MATH 245, MATH 225",
186,MATH 467,,,,,"MATH 226, MATH 227, MATH 225, MATH 245",
187,MATH 471,,,,,"MATH 410, MATH 225",udc00142
188,MATH 465,,,,,"MATH 245, MATH 225",
189,CSCI 103,,,"EE 109, CSCI 109",,,"csr01380, csr00002, csr00268, csr01258, csr02257, csr02427"
190,CE 205,,,,,PHYS 151,
191,CE 225,,,,,CE 205,
192,CE 235,,CE 325,,,CE 205,
193,CE 309,,,CE 235,,"MATH 226, MATH 229",
194,EE 326,,,,,"PHYS 152, MATH 126","khn01275, khn01285, khn01295, khn01305, khn01315, khn01325, khn01265"
195,HIST 101,CLAS 101,,,,,
196,REL 304,"ARCG 304, ANTH 318",,,"REL 301, ANTH 202",,"csr00676, csr00774"
197,AHIS 415,"ARCG 415, CLAS 415",,,,,
198,ANTH 307,ARCG 307,,,ANTH 202,,
199,ANTH 400,ARCG 400,,,"ANTH 202, ANTH 310, ANTH 314",,
200,ANTH 450,ARCG 482,,ANTH 400,,"ANTH 202, ANTH 310, ANTH 314",
201,REL 494,ARCG 494,,,ANTH 202,,
202,AHIS 321,"ARCG 321, CLAS 321",,,,,
203,AHIS 322,"ARCG 322, CLAS 322",,,,,
204,AHIS 381,EALC 381,,,,,
205,ANTH 304,,,,HBIO 200,,
206,ANTH 337,,,,"ANTH 202, ANTH 304",,
207,ANTH 377,ARCG 377,,,ANTH 202,,
208,CLAS 328,,,,"AHIS 201, AHIS 120",,
209,CLAS 349,,CLAS 149,,,,
210,CLAS 371,HIST 387,,,,,
211,JS 370,ARCG 370,,,,,
212,JS 378,ARCG 378,,,,,
213,MDES 316,HIST 394,,,,,
214,ANTH 376,ARCG 376,,,ANTH 202,,
215,ARCG 305,"ANTH 309, REL 305",,,ANTH 202,,
216,ARCG 490,,,,"ANTH 202, ANTH 307, REL 494",,
217,CHEM 300,,,,,"CHEM 105, CHEM 115",
218,ENST 320,,ENST 420,,ENST 100,,
219,GEOL 305,,"GEOL 108, GEOL 105",,,,
220,GEOL 320,,"GEOL 334, GEOL 451",GEOL 315,,,
221,GEOL 412,,,,"CHEM 105, PHYS 151, PHYS 135, MATH 126",,
222,SSCI 382,,,,,SSCI 301,"csr00909, csr01335, csr02369"
223,SSCI 483,,,,,SSCI 382,
224,CLAS 465,"ARCG 465, REL 465, ANTH 465",,,,,
225,MATH 108,,,,,MATH 040,
226,PHYS 125,,PHYS 135,,,MATH 108,
227,ARCH 202,,,,,ARCH 102,
228,ARCH 213,,,,"MATH 108, PHYS 125",,
229,ARCH 313,,,,,ARCH 213,
230,ARCH 314,,,,,ARCH 214,
231,ARCH 411,,,,,ARCH 313,
232,ARCH 470,,ARCH 470,,,,
233,ARCH 302,,,,,ARCH 202,
234,ARCH 402,,,,,ARCH 302,
235,ARCH 500,,,ARCH 501,,ARCH 402,
236,ARCH 501,,,,,ARCH 402,
237,ARCH 502,,,,,"ARCH 501, ARCH 500",
238,ARCH 526,,,,,"ARCH 605, ARCH 500",
239,ART 105,DES 105,,,,,
240,ART 106,DES 106,,,,,
241,CRIT 150,,FACS 150,,,,
242,CRIT 160,,,,CRIT 150,,
243,CRIT 350,,FA 350,,"CRIT 160, CRIT 150",,
244,AHIS 304,SWMS 304,,,,,
245,AHIS 343,,"AHIS 340, AHIS 342",,"AHIS 120, AHIS 121",,
246,AHIS 344,,"AHIS 356, AHIS 353",,,,
247,AHIS 361,,AHIS 461,,,,
248,AHIS 368,,AHIS 360,,,,
249,ACAD 174,,ACAD 175,,,,
250,ACAD 182,,,,,ACAD 181,
251,ACAD 207,,,,,"ACAD 177, ACAD 180, ACAD 178",
252,ACAD 275,,ITP 204,,,,
253,ACAD 276,,,,,ACAD 275,
254,ACAD 277,,,,,ACAD 276,
255,ACAD 245,,,,,"ACAD 240, ACAD 323","udc00045, khn00246, khn00276, khn00286, khn00296, khn00256, khn00266, khn00306, khn00316"
256,ACAD 280,,,,,"ACAD 275, ACAD 276, ACAD 178",
257,ACAD 360,,,,,"ACAD 182, ACAD 181",udc00054
258,ACAD 376,,,,,"ACAD 177, ACAD 180, ACAD 179, ACAD 178",
259,ACAD 377,,,,,ACAD 376,
260,ACAD 475,,,,,ACAD 377,
261,ITP 251,,BUAD 310,,,,
262,ITP 350,,,,,"ITP 251, ITP 250",
263,MOR 431,,MOR 331,,,,
264,ACAD 200,,,,ACAD 180,,csr01146
265,ACAD 352,,,,ACAD 200,,
266,ACAD 354,,,,ACAD 200,,
267,ACAD 356,,,,ACAD 200,,
268,ITP 308,"BME 308, ACAD 308",,,MATH 245,,
269,ASTE 301,,AME 311,,,"MATH 245, PHYS 153",
270,ASTE 330,,,,,"PHYS 153, ASTE 280",
271,ASTR 400,,,,,MATH 226,csr00662
272,ASTR 422,,,,,"PHYS 153, PHYS 163",
273,ASTR 424,,,,,"PHYS 153, PHYS 163",
274,ASTR 450,,,,,"PHYS 153, PHYS 163",
275,PHYS 304,,,,,"MATH 245, PHYS 151, PHYS 161",
276,PHYS 492,,,,,PHYS 152,
277,PHYS 408,,,MATH 245,,"PHYS 152, PHYS 162",
278,PHYS 438,,,MATH 445,,PHYS 304,
279,BISC 120,,"BISC 113, BISC 112, BISC 121",,,,
280,BISC 121,,"BISC 113, BISC 112, BISC 120",CHEM 115,,,
281,BISC 220,,"BISC 221, BISC 111, BISC 110",,"BISC 120, BISC 121",,
282,BISC 221,,"BISC 220, BISC 111, BISC 110","CHEM 105, CHEM 115",,"BISC 120, BISC 121",
283,BISC 320,,BISC 311,,,"CHEM 105, CHEM 115",csr01650
284,BISC 330,CHEM 330,BISC 316,,,CHEM 322,
285,BISC 403,,,,,"BISC 325, BISC 320, BISC 313",
286,BISC 435,,,,,BISC 330,
287,CHEM 107,,"CHEM 105, CHEM 115",,,,
288,CHEM 108,,"CHEM 105, CHEM 115",,CHEM 107,,
289,CHEM 322,,,,,"CHEM 105, CHEM 115",
290,CHEM 325,,,,,"CHEM 105, CHEM 115",
291,CHEM 430,,CHEM 430,,,"CHEM 322, CHEM 325, PHYS 151, CHEM 300, MATH 226, MATH 225",
292,CHEM 432,,CHEM 430,,,"CHEM 322, CHEM 325, PHYS 151, CHEM 300, MATH 126, PHYS 135",
293,MATH 208,,,,,"MATH 118, MATH 125",
294,PHYS 135,,PHYS 125,,,"MATH 226, MATH 108, MATH 125, MATH 126",
295,BISC 325,,,"CHEM 322, CHEM 325",,"CHEM 322, BISC 320, BISC 221, BISC 220, BISC 120, BISC 121",
296,BME 210,,,,"MATH 245, BME 101",,
297,BME 302,,,,,EE 202,
298,BME 402,,,,,"MATH 245, BISC 110, BME 210, BISC 220",
299,BME 403,,,EE 202,,"BISC 220, MATH 245",
300,BME 405,,,,,"EE 202, BME 210",
301,BME 410,,,,,CHEM 322,
302,BME 413,,,,,PHYS 152,"khn00959, khn00979"
303,BME 423,,,,,MATH 245,
304,BME 425,,,,,PHYS 152,
305,BME 404,,,,,"MATH 245, PHYS 151, AME 201",
306,BME 430,CHE 430,,,,"MATH 245, CHE 205, BME 210, BISC 220",csr01650
307,BME 451,,,,,EE 202,
308,BME 452,,,,,EE 202,
309,EE 202,,,MATH 245,,PHYS 152,csr01136
310,CHE 330,,,MATH 226,,,
311,CHE 350,,,,,"CHEM 105, CHEM 115, CHE 330",
312,CHE 489,,,,,"CHE 330, BISC 320",
313,MASC 310,ACAD 312,,,,,
314,EE 109,,,"CSCI 103, EE 155",,,"udc00096, csr02308, csr01936, csr01225, csr01269, csr01141, csr00461, csr02338"
315,EE 209,,,,,EE 109,
316,EE 338,,,,,"PHYS 152, EE 202",csr01143
317,EE 348,,,EE 338,,,
318,EE 354,,EE 254,,,"EE 101, EE 209",
319,EE 454,CSCI 454,,,,EE 354,
320,PHYS 444,,,,,"PHYS 152, BISC 220, PHYS 162",
321,BUAD 425,,,BUAD 497,,"BUAD 304, BUAD 311, BUAD 307, BUAD 286, BUAD 306, BUAD 305, BUAD 285, BUAD 310, BUAD 302, BUAD 281","csr00011, csr00920, csr01348, csr00353, csr02505, csr00894, csr00332, csr00151, csr00758, csr00939"
322,FBE 391,,FBE 365,,,"BUAD 306, BUAD 215",
323,FBE 465,,,,,"FBE 400, FBE 391",
324,FBE 466,,,,,"FBE 470, FBE 400, FBE 391",
325,FBE 470,,FBE 465,,,FBE 391,
326,FBE 489,,,,,"FBE 400, FBE 391",csr01863
327,FBE 491,,,,,"FBE 400, FBE 391",
328,BAEP 423,,"BAEP 310, BAEP 451, BAEP 450, BUAD 301",,,,
329,DSO 455,,IOM 455,,,,"csr00965, csr02534, csr00300, csr01498, csr01638, csr00312, csr02137, csr01620, csr00481, csr00967"
330,FBE 421,,,,,"BUAD 306, BUAD 215","csr00953, csr00946"
331,FBE 423,,,,,"BUAD 306, BUAD 215",
332,FBE 435,,,,,"BUAD 306, BUAD 215",
333,FBE 437,,,,,"BUAD 306, BUAD 215",
334,FBE 441,,,,,"BUAD 306, BUAD 215",
335,FBE 459,,,,,"BUAD 306, BUAD 215",
336,MOR 421,,,,,BUAD 304,
337,FBE 403,,BUAD 403,,,,csr02099
338,SLL 150,,,,,SLL 120,
339,SLL 220,,,,,"SLL 120, SLL 150",
340,SLL 250,,,,,SLL 220,
341,SLL 310,,,,,"SLL 120, SLL 220, SLL 250, SLL 150",
342,SLL 340,,,,,"SLL 120, SLL 220, SLL 250, SLL 150",
343,GERM 102,,,,,GERM 101,
344,SLL 152,,,,,SLL 122,
345,SLL 465,,,,,SLL 250,
346,CHE 120,,,"CHEM 115, CHEM 105, MATH 125",,,
347,CHE 205,,,,,MATH 125,
348,CHE 442,,,,,MATH 245,
349,CHE 443,,,"CHE 350, MATH 245",,,
350,CHE 444,,,CHE 443,,"CHE 350, CHE 330, CHE 442",
351,CHE 445,,AME 331,,,"MATH 245, CHE 443",
352,CHE 446,,,,,"MATH 245, CHE 443, CHE 445",
353,CHE 460,,,MATH 245,,CHE 120,
354,CHE 485,,,,,"CHE 443, CHE 442",
355,CHEM 431,,CHEM 430,,,PHYS 152,
356,CHE 405,,,,,MATH 245,
357,CHE 476,,,,,CHEM 322,
358,EE 438,,MASC 438,,,EE 338,
359,BUAD 301,,"BAEP 310, BAEP 423, BAEP 451, BAEP 450",,,,"csr02002, csr02002, csr01432, csr01399"
360,BISC 300,,,,,"CHEM 322, BISC 320, CHEM 325",
361,CHE 486,,,"CHE 485, CHE 480",,,
362,CE 453,,,"CE 309, ENE 410",,"CHEM 105, CHEM 115",
363,CE 463,,,,,"CE 453, CHEM 105, CHEM 115",
364,PTE 463,,,,,"PHYS 151, MATH 245, CHEM 105, CHEM 115",
365,ENE 428,,,,,"ENE 200, MATH 245, PHYS 151, CHEM 115, CHE 350, CHEM 105",
366,ENE 429,,,,,"CE 309, ENE 410, ENE 428",
367,CHEM 453,,,,,"CHEM 322, CHEM 105, CHEM 115, CHEM 325",
368,CHE 487,,,,,"CHEM 105, CHEM 115, MASC 110",
369,CHE 491,,,,,CHE 391,
370,MASC 350,,,,,"PHYS 152, CHEM 105, CHEM 115, MASC 110",
371,PTE 461,,,PTE 463,,,
372,PTE 464,,,,,PTE 463,
373,PTE 465,,,,,PTE 464,
374,CHE 472,,,,CHEM 322,,
375,CHE 474,,,,CHE 472,,
376,CHE 475,MASC 475,,,"CHEM 430, CHE 472",,
377,CHE 450,,,,,"PHYS 152, PHYS 151, CHE 330",
378,CHE 301,,,,,"CHEM 105, CHEM 115, MASC 110","csr01650, csr01634"
379,CHE 488,,,,,BISC 320,
380,EE 513,,,,EE 338,,
381,CHEM 332,,,"CHEM 430, CHEM 431",,,
382,CHEM 423,,,,,"CHEM 322, CHEM 300, CHEM 325",
383,CHEM 463,,,,,"CHEM 322, CHEM 325",
384,CHEM 465,,,,,"CHEM 431, CHEM 430, CHEM 332",
385,CHEM 467,,,CHEM 300,,"CHEM 322, CHEM 325",
386,CHEM 426,,,,,"CHEM 322, CHEM 325",
387,CHEM 455,,,,,"CHEM 322, CHEM 325",
388,CHEM 488,,,,,"CHEM 322, CHEM 300, CHEM 325",
389,CHEM 588,,,,,CHEM 588,
390,CHEM 292,,,"CHEM 105, CHEM 115",,,
391,CHEM 294,,,"CHEM 105, CHEM 115",,,
392,CHEM 494,,,,,CHEM 490,"csr00864, csr00887"
393,MPVA 301,,"MPVA 201, MPVA 401",,,,
394,MUCD 441,,,,,"MUCD 340, MUCD 343",
395,MUCO 441,,,,,MUCO 233,
396,MUCO 233,,,,,MUCO 133,
397,MUCO 338,,,,MUCO 233,,
398,MUHL 350,,,,MUHL 250,,
399,MUHL 351,,,,"MUHL 250, MUHL 350",,
400,CTCS 473,,,,,CTCS 190,
401,CTPR 290,,,,CTPR 285,,
402,CTCS 495,,,CTCS 473,,,
403,CTPR 310,,,,,"CTPR 294, CTPR 295",
404,CTPR 450,,,,,CTPR 310,
405,CTWR 414,,,,,"CTWR 413, CTWR 416",
406,CTPR 421,,,,,"CTPR 335, CTPR 310",
407,CTPR 424,,,,,"CTPR 327, CTPR 310",
408,CTPR 438,,,,,"CTPR 425, CTPR 310",
409,CTPR 440,,,,,"CTPR 340, CTPR 310",
410,CTPR 465,,,,,"CTPR 456, CTPR 310",
411,CTPR 478,,,,,CTPR 310,
412,CTPR 480,,,,,"CTPR 478, CTPR 450",
413,CTPR 484,,,,CTPR 371,,
414,CTPR 486,,,,,"CTPR 479, CTPR 450, CTPR 507, CTPR 504, CTPR 376",
415,CTPR 466,,,,,CTPR 310,
416,CTIN 463,,,,CTIN 488,,"csr00868, csr02233"
417,CTIN 482,,CNTV 482,,,,"csr01995, csr01995"
418,CTIN 483,,,,,"ITP 165, CTIN 101, CTIN 290","csr00868, csr02233, csr01990, csr01990, csr01963, csr01963, csr00872, csr02237, csr01689, csr02210"
419,IML 400,,,,,IML 300,
420,CE 207,,,"CE 225, CE 106",,CE 205,
421,CE 334,,,,,"CHEM 105, PHYS 152, CE 225, CHEM 115, AME 204",
422,CE 402,,,,,"MATH 245, CE 108",
423,CE 408,,,,,"MATH 226, CE 225, MATH 229",
424,CE 451,,,,,"CE 309, ENE 410",
425,CE 456,,,CE 358,,"CE 225, CE 207",
426,CE 467,,CE 464,,,CE 225,
427,CE 471,,,,,"MATH 226, MATH 227, MATH 229",
428,CE 480,,,,,"CE 478, CE 482, CE 457, CE 358, CE 456, CE 473, CE 467",
429,CE 465,,,,,CE 453,
430,CE 457,,,CE 358,,"CE 225, CE 207",
431,ARCH 205,,,,,CE 106,"csr00101, csr00055, csr02584"
432,ARCH 305,,,,,ARCH 205,"csr00101, csr00055, csr02584"
433,ARCH 405,,,,,ARCH 305,csr00101
434,CE 210,,,,"CHEM 115, CHEM 105, CE 110, CE 106",,
435,CE 485,,,,,"CE 451, CE 473, CE 463",
436,ENE 200,,,,,"MATH 226, PHYS 152, CHEM 105, CHEM 115, MATH 229",
437,ENE 426,,ENE 526,,,"ENE 200, ENE 400",
438,CE 459,,,CE 458,,,
439,CE 478,,,,,"CE 225, CE 207",
440,CE 482,,,,,CE 467,
441,COLT 101,,COLT 150,,,,
442,GR 150,,,,,GR 120,"khn01146, khn01166, khn01176, khn01186"
443,GR 220,,,,,GR 150,"khn01146, khn01166, khn01176, khn01186"
444,LAT 150,,,,,LAT 120,
445,LAT 222,,,,,LAT 150,
446,PSYC 274,,,,PSYC 100,,udc00121
447,PSYC 301,,,,,PSYC 100,
448,LING 301,,LING 401,,,LING 210,
449,LING 302,,LING 402,,,LING 210,
450,PHIL 122,,PHIL 250,,,,
451,PSYC 304,,,,,PSYC 100,
452,PSYC 336,,,,,PSYC 100,
453,CSCI 360,,CSCI 460,,,"CSCI 104, CSCI 170","udc00102, udc00116, udc00138, udc00218, udc00012, udc00216"
454,LING 405,,LING 395,,,,
455,LING 406,,,,,"LING 210, PSYC 100",
456,LING 407,,,,,"LING 210, PSYC 100",
457,PSYC 305,,,,,PSYC 100,
458,PSYC 320,,,,,PSYC 100,
459,PSYC 360,,,,,PSYC 100,
460,PSYC 420,,,,,PSYC 100,
461,PSYC 422,,,,,PSYC 314,"csr00894, csr00353, csr02505, csr00332"
462,PSYC 433,,,,,PSYC 336,
463,PSYC 450,,,,,PSYC 100,
464,PSYC 454,,,,,"PSYC 100, PSYC 355",csr01860
465,BISC 421,NEUR 421,,,,"BISC 221, BISC 220",
466,PSYC 314,,,,,"PSYC 274, PSYC 100","csr01736, csr00848, csr01567, csr00851, csr01570"
467,PSYC 326,,,,,PSYC 100,
468,PSYC 424,NEUR 424,,,,,
469,PSYC 425,,,,,"PSYC 274, PSYC 100",
470,PSYC 440,,,,,PSYC 100,
471,COMM 313,,COMM 203,,,,
472,COMM 311,,COMM 201,,,,
473,COMM 209,,"COMM 208, COMM 207",,,,
474,COMM 309,,COMM 202,,,,
475,COLT 251,,COLT 151,,,,
476,COLT 351,,COLT 305,,,,
477,COLT 448,MDES 449,,,,,
478,COLT 375,SPAN 375,,,,,
479,MPKS 301,,"MPKS 201, MPKS 401",,,,
480,MUCO 135,,,MUCO 137,,,
481,MUCO 235,,,,,MUCO 137,
482,MUCO 236,,,,,MUCO 137,
483,MUCO 237,,,,,MUCO 137,
484,MUCO 336,,,,,MUCO 236,
485,MUCO 337,,,,,MUCO 237,
486,MUCO 434,,,,,"MUCO 233, MUCO 232",
487,MUCO 435,,,,,MUCO 235,
488,MUCO 437,,,,,MUCO 337,
489,MTEC 474,,MUEA 474,,,,
490,MTEC 490,,MUEA 490,,,,csr01115
491,MPKS 350,,,,,MPKS 250,
492,CSCI 104,,,CSCI 170,,CSCI 103,"csr00547, csr00535, csr01160, csr01186, csr00090, csr01262, csr00580, csr00049, csr00158, csr00600"
493,CSCI 170,,CSCI 271,,,"EE 109, CSCI 103, CSCI 109","csr01547, csr01597, csr01548"
494,CSCI 201,,,,,CSCI 104,"csr00565, csr01223, csr01606, csr01969, csr01969, csr02057, csr02410, csr00588, csr01939"
495,LING 303,,,,,LING 210,csr00392
496,CSCI 310,,CSCI 377,,,CSCI 201,"udc00136, csr01998, csr01998, udc00137, csr02430, csr00549, csr02136, csr01633, csr00543, csr02033"
497,CSCI 445,,,,,CSCI 103,"csr02289, csr02265, csr02267, csr00333, csr02270, csr02268, csr00328, csr02269, udc00138, udc00009"
498,BME 575,,,,,BME 502,
499,CSCI 561,EE 561,,,,,"udc00102, udc00138, udc00218, udc00116, udc00012, udc00216"
500,CSCI 574,,,,,CSCI 455,"csr00391, udc00139"
501,CSCI 662,,CSCI 562,,,,csr00392
502,EE 559,,,"EE 503, EE 441",,,
503,NSCI 524,PHBI 524,NEUR 524,,,BISC 421,
504,NSCI 531,,NEUR 531,,,,
505,PSYC 540,NSCI 533,,,,,
506,PSYC 551,,,,PSYC 547,,
507,BISC 424,NEUR 424,,,,BISC 421,
508,BISC 462,NEUR 462,,,,,
509,PSYC 438,,,,,PSYC 274,
510,EE 364,,,,,"MATH 245, MATH 225","khn01275, khn01285, khn01295, khn01305, khn01315, khn01325, khn01265"
511,CSCI 270,,CSCI 303,,,"CSCI 104, CSCI 170",csr00168
512,CSCI 350,,CSCI 402,,,"CSCI 356, EE 354, CSCI 201","udc00123, csr02338, csr01455"
513,CSCI 353,,EE 450,,,CSCI 201,
514,EE 457,CSCI 457,,,,EE 354,csr01185
515,EE 451,CSCI 452,,,,"EE 355, CSCI 201",csr00550
516,EE 477,,,,,"EE 354, EE 338",
517,CSCI 401,,CSCI 477,,,"CSCI 270, CSCI 310",udc00137
518,CSCI 404,,,,,"CSCI 270, CSCI 201, ITP 466",
519,EE 459,CSCI 452,,,,EE 354,
520,CSCI 420,,,,,"EE 141, CSCI 104, MATH 225, MATH 127, MATH 126, MATH 129","csr00213, udc00155"
521,CSCI 459,,,,,"MATH 225, CSCI 201",
522,CSCI 476,,,,,CSCI 270,
523,CSCI 485,,,,,CSCI 201,
524,CSCI 356,,EE 352,,,CSCI 104,"csr01185, csr02001, csr02001, csr02114, udc00139"
525,CSCI 423,,,,,"ITP 485, ITP 380, CSCI 522",
526,CSCI 430,,,,,CSCI 201,"udc00097, csr01011, csr01016, csr02126"
527,EE 450,CSCI 450,CSCI 353,,,,
528,ITP 368,CSCI 368,,,,"CSCI 104, ITP 365",csr00876
529,ITP 380,,,,,"CSCI 104, ITP 365","csr00554, csr01380, csr01258, csr00002, csr00268, csr01689, csr02210, csr00868, csr02233"
530,ITP 435,CSCI 435,,,,"CSCI 104, ITP 365",
531,ITP 439,CSCI 439,,,,ITP 435,
532,ITP 485,,,,,ITP 380,csr00554
533,EE 141,,EE 241,,,,"udc00142, udc00150"
534,CTIN 190,,CTIN 309,,,,
535,CTIN 484,,,,,"CTIN 488, CTIN 483, CTIN 541","csr00872, csr02237, csr01963, csr01963, csr01297, csr02036, csr00868, csr02233, csr00871, csr02236"
536,CTIN 488,,,,CTIN 190,,"csr01689, csr02210, csr01963, csr01963, csr00868, csr02233, csr00869, csr02234, csr00872, csr02237"
537,CTIN 489,,,,,"CTIN 488, CTIN 483, CTIN 541","csr00869, csr02234, csr00872, csr02237, csr01963, csr01963, csr01689, csr02210, csr01297, csr02036"
538,BAEP 452,,,,,"BAEP 310, BAEP 423, BAEP 451, BAEP 450, BUAD 301",
539,BAEP 453,,,,,"BAEP 310, BAEP 423, BAEP 451, BAEP 450, BUAD 301",
540,DSO 431,,IOM 431,,,,
541,DSO 433,,IOM 433,,,,udc00136
542,DSO 443,,IOM 443,,,,"csr01045, csr02445, csr01132, csr02026"
543,DSO 462,,IOM 462,,,,
544,MKT 425,,,,,"BUAD 307, MKT 385","csr01028, csr01093, csr01128, csr01852, csr02141, udc00198, csr01033, csr01098, csr01034, csr01099"
545,SPAN 250,,,,,SPAN 240,
546,SPAN 261,,SPAN 265,,,SPAN 220,
547,HIST 374,,HIST 450,,,,
548,SPAN 301,,,,,"SPAN 260, SPAN 261",
549,SPAN 304,,,,,"SPAN 260, SPAN 261",
550,SPAN 306,,SPAN 305,,,"SPAN 260, SPAN 261",
551,SPAN 308,,,,,"SPAN 260, SPAN 261",
552,SPAN 372,,,,"SPAN 308, SPAN 306, SPAN 304",,
553,SPAN 385,,,,,"SPAN 260, SPAN 261",
554,SPAN 462,,,,"SPAN 308, SPAN 306, SPAN 304",,
555,SPAN 481,,,,"SPAN 308, SPAN 306, SPAN 304",,
556,SPAN 482,,,,"SPAN 308, SPAN 306, SPAN 304",,
557,SPAN 483,,,,"SPAN 308, SPAN 306, SPAN 304",,
558,SPAN 484,,,,"SPAN 260, SPAN 261",,
559,SPAN 320,,"SPAN 370, SPAN 360",,,"SPAN 260, SPAN 261",
560,SPAN 302,,,,,"SPAN 260, SPAN 261, SPAN 301",
561,SPAN 321,,"SPAN 370, SPAN 360",,,"SPAN 260, SPAN 261",
562,SPAN 466,,,,"SPAN 260, SPAN 261",,
563,DANC 105,,,,,DANC 103,
564,DANC 131,,,,,DANC 130,
565,DANC 201,,,,,DANC 101,
566,DANC 210,,,,,DANC 110,
567,DANC 220,,,,,DANC 120,
568,DANC 230,,,,,DANC 131,
569,DANC 231,,,,,DANC 230,
570,DANC 301,,,,,DANC 201,
571,DANC 310,,,,,DANC 210,
572,DANC 320,,,,,DANC 220,
573,DANC 342,,DANC 442,,,,
574,DANC 485,,,,,DANC 480,
575,DANC 410,,,,,DANC 310,
576,DANC 420,,,,,DANC 320,
577,DANC 285,,THTR 285,,,,
578,DANC 312,,DANC 412,,,,
579,DANC 330,,,,,DANC 231,
580,DANC 430,,,,,DANC 330,
581,DANC 442,,DANC 442,,,DANC 342,
582,DES 102,,FADN 102,,,,"csr00855, csr01656, csr01260, csr01392, udc00076"
583,DES 202,,FADN 202,"FADN 203, DES 203",,"FADN 102, DES 102",
584,DES 203,,FADN 203,DES 202,,,"csr00542, csr00385, csr01932"
585,DES 213,,,,,"FADN 203, DES 230, DES 203",
586,DES 230,ACAD 230,FADN 230,,,"ACAD 176, FADN 102, DES 102",
587,DES 302,,FADN 302,,,"FADN 202, DES 202",
588,DES 303,ACAD 303,FADN 303,,,"ACAD 177, FADN 203, DES 203","csr00635, csr00346, csr00621, csr00679, csr01961, csr01961, csr00608, csr01474, csr02361, udc00076"
589,DES 322,,,,,"FADN 203, FADN 202, DES 332, DES 203, DES 202",
590,DES 323,ACAD 323,FADN 323,,,,
591,DES 332,ACAD 332,FADN 332,,,,"csr00856, csr01657"
592,DES 402,,FADN 402,,,"FADN 302, DES 302","khn00639, khn00649, khn00659, khn00669, khn00679, khn00689, khn00699, khn00709"
593,DES 413,,,,,"DES 402, FADN 402",
594,DES 432,,FADN 432,,,"FADN 302, DES 302","khn00639, khn00649, khn00659, khn00669, khn00679, khn00689, khn00699, khn00709"
595,GEOL 315,,,,"CHEM 105, CHEM 115",,
596,EALC 344,,,,HIST 105,,
597,EALC 306,,,,,EALC 304,
598,EALC 317,,,,,EALC 315,
599,EALC 322,,,,,EALC 320,
600,EALC 426,,,,,EALC 322,
601,EALC 470,,,,,"EALC 406, EALC 417, EALC 424",
602,EALC 366,,,,,EALC 206,
603,EALC 404,,,,,EALC 306,
604,EALC 407,,,,,EALC 404,"csr00729, csr01753, csr01778, csr02557, csr02558, csr02556"
605,EALC 412,,,,,EALC 306,"csr02557, csr02558, csr02556"
606,EALC 413,,,,,EALC 322,
607,EALC 418,,,,,EALC 217,
608,EALC 419,,,,,EALC 217,
609,EALC 422,,,,,EALC 322,
610,EALC 424,,,,,EALC 422,
611,CHEM 350,,,,,"CHEM 322, CHEM 325, CHEM 115, BISC 221, BISC 220, CHEM 105",
612,EE 250,,,,,"EE 109, EE 155","csr02096, csr01225, csr01269, csr00742, csr00735, csr00782, csr00902, csr01232, csr00432, csr01184"
613,EE 301,,,,,EE 202,
614,EE 330,,,,,"PHYS 152, EE 202, MATH 445",
615,EE 355,,CSCI 355,,,EE 155,
616,EE 422,,,,,EE 330,
617,EE 423,,,,,"PHYS 152, AME 302, EE 330, EE 301",
618,EE 434,,,,,EE 483,csr01145
619,EE 447,,,,,EE 348,
620,EE 484,,,,,"EE 475, EE 364, EE 467",
621,ENE 410,,"CE 309, AME 309",,,MATH 245,
622,CE 484,,,,,CE 451,
623,ENST 335,,,,,"BISC 103, BISC 120",
624,POSC 270,,POSC 347,,,ENST 100,
625,ENST 344,,,,,"ENST 100, ENST 150","csr00123, csr00246"
626,ENST 442,,,,,"POSC 270, ENST 320",
627,ENST 445,,,,,"MATH 118, MATH 125, ENST 320",
628,ENST 480,,,ENST 298,,,
629,GEOL 470,,,,"GEOL 160, GEOL 105",,
630,BISC 427,,,,,"CHEM 105, CHEM 115, BISC 120, BISC 121",
631,GEOL 425,,,,MATH 126,,
632,GEOL 450,,,,,"MATH 125, MATH 126",
633,PPD 382,,PLDV 405,,,,
634,BISC 352,,,,"BISC 103, BISC 120, BISC 121",,
635,ENST 310,,,,,ENST 100,
636,ENST 370,,,,"ENST 387, ENST 100",,
637,BISC 315,,,,,"BISC 120, BISC 121",
638,BISC 447,,,,,"BISC 120, BISC 121",
639,BISC 469,,,,,"BISC 103, BISC 120, BISC 121",
640,MOR 466,,ENST 450,,,,
641,FREN 250,,,,,FREN 220,
642,FREN 300,,,,,FREN 250,
643,FREN 330,,,,,FREN 300,
644,FREN 310,,,,,FREN 250,
645,FREN 347,,,FREN 330,,,
646,FREN 351,,,FREN 330,,,
647,FREN 360,,,,FREN 330,,
648,FREN 382,,,FREN 330,,FREN 330,
649,FREN 383,,,FREN 330,,,
650,FREN 392,,,FREN 330,,,
651,FREN 401,,,,,FREN 330,
652,FREN 402,,,,,FREN 330,
653,FREN 403,,,,,FREN 330,
654,FREN 404,,,,,FREN 330,
655,FREN 410,,,,FREN 330,,
656,FREN 432,,,,,FREN 330,
657,FREN 445,,,,,FREN 330,
658,FREN 446,,,,,FREN 330,
659,FREN 448,,,,,"REL 137, FREN 330",
660,FREN 449,,,,FREN 300,,
661,FREN 464,,,,,FREN 330,
662,FREN 499,,,,,FREN 330,
663,SWMS 210,"POSC 210, PSYC 210",,,,,
664,MATH 114,,,,MATH 040,,"udc00167, udc00121, csr00849, csr01568"
665,ARCH 303,,,,,ARCH 203,"csr00861, csr00884, csr02017"
666,ARCH 403,,,,,ARCH 303,
667,RED 417,,PPD 417,,,"PPD 227, PPD 245",
668,RED 425,,PPD 425,,,"PPD 227, PPD 245",
669,SSCI 412,,,,,"SSCI 483, SOCI 314, PPD 425, ARCH 403",csr01336
670,ARCH 447,,ARCH 361,,,,
671,PPD 361,,PPD 461,,,,"csr00672, csr00770"
672,PPD 360,,PLDV 480,,,,
673,PPD 306,,PLDV 410,,,,
674,GEOL 387,,GEOL 385,,,,
675,GEOL 465,,,,"GEOL 315, GEOL 316, GEOL 320, GEOL 105",,
676,HP 320,,,,,"BISC 221, BISC 220",
677,HP 470,,,,,HP 270,
678,HP 350,,,,HP 340,,"csr00848, csr01567, csr01059, csr01662, csr01736, csr01115"
679,HP 490,,,,"HP 340, HP 350",,csr01115
680,HP 300,,,,,"PSYC 100, HP 200",
681,HP 365,,HP 400,,,,
682,HP 401,,,,ANTH 101,,
683,HP 402,,,,PSYC 100,,
684,HP 403,,,,,PSYC 100,
685,HP 410,,,,HP 300,,
686,HP 411,,,,HP 410,,
687,HP 430,,,,HP 230,,
688,HP 431,,,,HP 430,,
689,HP 432,,,,,"HP 230, CHEM 105",
690,HP 433,,,,,HP 432,
691,HP 434,,,,HP 200,,
692,HP 440,,,,"PSYC 100, HP 200",,
693,HP 442,,,,HP 320,,
694,SOCI 460,,,,,"SOCI 200, SOCI 314, SOCI 370, SOCI 313, SOCI 325",
695,SOCI 470,,,,,"SOCI 200, SOCI 314, SOCI 370, SOCI 313, SOCI 325",
696,ANTH 325,,,,ANTH 205,,
697,ANTH 415,,,,"ANTH 325, ANTH 205",,
698,HIST 180,MDES 180,,,,,
699,PSYC 367,,,,,PSYC 100,
700,PSYC 361,,,,,PSYC 100,
701,SOCI 360,,,,,"SOCI 200, SOCI 314",
702,GERO 320,,,,PSYC 100,,
703,HBIO 301,,EXSC 301,,,,
704,HBIO 302,,EXSC 200,,,"BISC 221, BISC 220",
705,BISC 450,,,,,"BISC 221, BISC 220",
706,BISC 307,,,,,"BISC 221, BISC 220",
707,HBIO 420,,EXSC 405,,,BISC 220,
708,SOCI 450,,,,,"SOCI 314, SOCI 313, SOCI 250",
709,BISC 312,,,,"BISC 221, BISC 220",,
710,BISC 406,,,,,"BISC 325, BISC 320, BISC 313","csr01655, csr02317"
711,PSYC 337,,,,,PSYC 100,
712,PSYC 355,,,,,PSYC 100,udc00164
713,SOCI 305,,,,,"SOCI 200, SOCI 370, SOCI 270",
714,SOCI 369,SWMS 369,,,,SOCI 200,
715,SSCI 340,,MDA 350,,,,
716,POSC 333,,POSC 233,,,,
717,PSYC 404,,,,,"PSYC 274, PSYC 100, PSYC 314",
718,BISC 290,,,,,"CHEM 115, BISC 221, BISC 220, CHEM 105, BISC 120, BISC 121",
719,PPD 325,,PPD 230,,,,csr01392
720,PPD 330,,PPMT 330,,,,
721,PSYC 437,,,,,PSYC 100,
722,SOCI 350,,,,,SOCI 200,
723,HIST 201,,HIST 300,,,,
724,HIST 383,,HIST 280,,,,
725,HBIO 350,,EXSC 350,,,"BISC 312, HBIO 302, CHEM 350, BISC 330",
726,HBIO 360,,,,,"BISC 221, BISC 220",
727,HBIO 407,,EXSC 406,,,HBIO 302,
728,HBIO 408,,EXSC 408,,,"MATH 108, PHYS 135",
729,BISC 313,,,,,"BISC 325, BISC 320, BISC 221, BISC 220, BISC 120, BISC 121",
730,HBIO 202,,EXSC 202,,,,
731,HBIO 250,,EXSC 250,,,,
732,HBIO 320,,EXSC 300,,,BISC 220,
733,HBIO 400,,EXSC 400,,,HBIO 320,
734,HBIO 401,,EXSC 401,,,BISC 220,
735,HBIO 441,,EXSC 441,,,HBIO 301,
736,BISC 423,NEUR 423,,,,BISC 421,
737,HBIO 409,,EXSC 409,,,BISC 220,
738,HBIO 435,,,,,"BISC 220, HBIO 302",
739,HBIO 439,,EXSC 439,,,HBIO 408,
740,HBIO 442,,EXSC 442,,,HBIO 301,
741,GERO 440,,,,,"BISC 113, BISC 112, BISC 120, BISC 121",
742,GERO 414,,,,,"BISC 221, BISC 220",
743,BISC 480,,,,,"BISC 221, BISC 220",
744,HBIO 205,,EXSC 205,,,,
745,ISE 220,,,,,MATH 126,"khn00877, khn00897, khn00927, khn00937, khn00947, khn00881, khn00901, khn00911, khn00871, khn00891"
746,ISE 225,,,,,ISE 220,"udc00167, csr01562"
747,ISE 315,,,,,"ISE 330, ISE 225","csr01638, csr00965, csr02534, csr00300, csr01498, csr01619, csr01620"
748,ISE 330,,,,,MATH 225,
749,ISE 331,,,,,"ISE 220, ISE 330",
750,ISE 410,,,,,ISE 330,"csr00313, csr00502"
751,ISE 435,,,,,"CSCI 101, ISE 225",
752,ISE 495,,,,,"ISE 460, DSO 435, ISE 382, ISE 225",
753,DSO 435,,IOM 435,,,,
754,ISE 335,,,,,"ISE 460, ISE 330","csr00660, csr00320, csr00318, csr00319, csr00316, csr00317, csr00458"
755,ISE 375,,,,,"ISE 460, ISE 331",
756,ISE 426,,,,,ISE 225,
757,ISE 232,,,,"CHEM 105, CHEM 115, MASC 110",,csr01131
758,ISE 327,,,,,ISE 225,"csr00134, csr01508, csr02450"
759,ISE 350,,,,,ISE 225,csr01634
760,ITP 482,,,,,"DSO 435, ISE 382, CSCI 101",
761,ITP 487,,,,,"ITP 320, ITP 250","csr00137, csr01376, csr00069, csr01363"
762,INF 250,,,,ITP 115,,"csr02570, csr00027, csr01312, csr01531, udc00182, csr00351, csr02503, csr00122, csr00335, udc00133"
763,ITP 421,,,,,ITP 320,
764,ITP 422,,ITP 322,,,"ISE 583, ITP 320",
765,ITP 454,,,,,ITP 320,
766,ITP 486,,,,,ITP 320,"csr01167, csr01979, csr01979, csr02107"
767,ITP 488,,,,,ITP 320,
768,ITP 300,ACAD 300,,,,ITP 301,csr00632
769,ITP 301,,,,,ITP 104,csr00632
770,ITP 302,,,,,ITP 104,
771,ITP 310,ACAD 311,,,,,"csr00874, csr00864, csr00887"
772,ITP 404,ACAD 404,,,,"ITP 301, ACAD 275",csr00632
773,ITP 460,ACAD 460,,,,,
774,INF 351,,,,,"INF 250, ITP 115","csr01917, udc00004, csr00028, csr01313, csr01532, csr00131, csr02397"
775,INF 352,,,,,"MATH 208, INF 250","csr00035, csr01745, csr02157, csr00172, csr02028, csr00109, csr00959, csr00030, csr01315, csr01534"
776,INF 454,,,,,INF 250,"csr01341, csr01959, csr01959, udc00182, udc00106, csr00874, csr00091, csr00021, csr00281, udc00193"
777,CTIN 101,,CTIN 400,,,,
778,CTAN 443,,,,,CTAN 452,"csr01692, csr02213, csr01927"
779,CTIN 403,,,,,"CTIN 401, CTAN 443",
780,CTIN 485,,,,,"CTIN 488, CTIN 489, CTIN 483, CTIN 484","csr00872, csr02237, csr01963, csr01963, csr01297, csr02036, csr00868, csr02233, csr00871, csr02236"
781,IML 346,,,,,"IML 201, IML 104","csr01736, csr00848, csr01567"
782,CTIN 462,,,,CTIN 488,,
783,CTWR 410,,,,CTIN 488,,"csr01692, csr01927, csr02213"
784,CTIN 459,,,,,"CTIN 488, CTIN 489",
785,CTIN 491,,CTIN 491,,,"ART 442, CTIN 404, CTAN 452, CTIN 406, CTIN 484, FASC 436",csr02143
786,IR 403,,,,IR 303,,
787,SOCI 435,SWMS 435,,,,"SOCI 200, SOCI 314, SOCI 370, SOCI 313, SOCI 325",
788,SOCI 445,,,,,SOCI 250,
789,IR 428,,,,IR 210,,
790,ECON 338,,ECON 121,,,ECON 205,
791,ECON 450,,,,,ECON 303,
792,ECON 452,,,,,ECON 305,
793,SPAN 350,,"SPAN 450, SPAN 377",,"SPAN 308, SPAN 306, SPAN 304",,
794,ECON 342,,,,,"ECON 205, ECON 203, ECON 303",
795,ECON 343,,,,,"ECON 205, ECON 203",
796,ECON 317,,,,,"MATH 118, MATH 125",
797,BUAD 215,,BUAD 306,,,"BUAD 305, BUAD 285, BUAD 280, ACCT 410","csr00964, csr02533, csr01338"
798,FBE 431,,,,,"BUAD 306, BUAD 215",
799,FBE 432,,,,,"BUAD 306, BUAD 215","csr02208, csr01864, csr01038"
800,FBE 436,,,,,"BUAD 306, BUAD 215",
801,FBE 440,,,,,"BUAD 306, BUAD 215",
802,FBE 443,,,,,"BUAD 306, BUAD 310, BUAD 215",
803,FBE 445,,,,,"BUAD 350, BUAD 351, ECON 351, ECON 352",
804,FBE 460,,,,,"BUAD 306, BUAD 215",
805,FBE 462,,,,,"ECON 205, ECON 352, ECON 351, ECON 203",
806,MKT 402,,MKT 470,,,"MKT 385, PSYC 274, COMM 301, BUAD 307, BUAD 310, MATH 116",
807,MKT 405,,,,,"BUAD 307, COMM 302, COMM 200, PR 340, MKT 385",udc00201
808,MKT 410,,,,,"BUAD 307, MKT 385",
809,MKT 440,,,,,"BUAD 307, MKT 385","csr01085, csr01850, csr01051"
810,MKT 445,,,,,"BUAD 307, MKT 385","csr02307, csr01861"
811,MOR 462,,,,BUAD 304,,
812,MOR 463,,,,BUAD 304,,csr00786
813,MOR 467,ACAD 467,,,,,"csr02137, csr02092, csr00705, csr01413, csr02125, csr02209"
814,MOR 470,,,,BUAD 304,,
815,MOR 471,,,,BUAD 304,,
816,MOR 473,,,,BUAD 304,,
817,ECON 350,,,,,"ECON 205, ECON 203",
818,ECON 305,,,,,"ECON 205, MATH 118, MATH 125, ECON 203",
819,ECON 340,,,,,"ECON 205, ECON 203",
820,ECON 344,,,,,"ECON 205, ECON 203",
821,ECON 346,,,,,"ECON 205, ECON 203",
822,ITAL 150,,,,,ITAL 120,
823,ITAL 220,,,,,ITAL 150,
824,ITAL 224,,,,,ITAL 220,
825,ITAL 320,,,,,ITAL 224,
826,ITAL 360,,ITAL 446,,,,
827,ITAL 380,,,,ITAL 320,,
828,ITAL 381,,ITAL 462,,,,
829,ITAL 382,COLT 449,ITAL 450,,,,
830,ITAL 401,,,,,ITAL 320,
831,ITAL 402,,,,,ITAL 320,
832,ITAL 403,,,,,ITAL 320,
833,ITAL 440,,,,ITAL 320,,
834,ITAL 461,,,,,ITAL 320,
835,ITAL 499,,,,,ITAL 224,
836,MUJZ 353,,PLDV 410,,,,
837,MUEN 326,,"MUEN 226, MUEN 426",,,,
838,MUEN 329,,"MUEN 429, MUEN 229",,,,
839,MUEN 332,,"MUEN 432, MUEN 232",,,,
840,MUJZ 305,,,,,MUCO 133,
841,MUJZ 400,,MUCO 400,,,,
842,MUJZ 443,,MUED 443,,,,
843,MTEC 443,,MUIN 305,,MTEC 245,,"csr00992, csr01517, csr01500, csr01502"
844,MTEC 444,,,,MTEC 245,,
845,MTEC 445,,,,"MTEC 444, MTEC 443, MTEC 474",,"csr01500, csr01517"
846,MTEC 446,,MUIN 446,,,,
847,MUJZ 350,,,,MUHL 250,,
848,MPPM 350,,,,MUHL 250,,
849,MUSC 102,,MUHL 302,,,,
850,MUSC 115,,MUHL 315,,,,
851,MUSC 200,,MUSC 400,,,,
852,MUSC 210,,MUSC 410,,,,
853,MUSC 250,,MUSC 450,,,,
854,REL 401,,REL 399,,REL 301,,
855,HEBR 315,,,,,HEBR 220,
856,HIST 305,,HIST 270,,,,
857,JS 315,"REL 310, HIST 322",,,,,
858,JS 340,,,,JS 100,,
859,JOUR 307,,,,,"JOUR 321, JOUR 207",
860,JOUR 320,,,,,"JOUR 321, JOUR 207",
861,JOUR 322,,,,,"JOUR 320, JOUR 307","csr00732, csr01756"
862,JOUR 323,,,,,"JOUR 320, JOUR 322, JOUR 307",
863,JOUR 372,,ASCJ 440,,,JOUR 307,
864,JOUR 408,,,,,"JOUR 320, JOUR 208, JOUR 307",
865,JOUR 414,,,,,"JOUR 320, JOUR 322, JOUR 307",
866,SPAN 260,,SPAN 266,,,SPAN 220,
867,PORT 300,,,,,"PORT 220, PORT 240, PORT 120, PORT 150",
868,PORT 302,,,,,"PORT 220, PORT 300, PORT 240, PORT 120, PORT 150",
869,PORT 342,,,,,"PORT 220, PORT 300, PORT 240, PORT 120, PORT 150",
870,SPAN 311,,,,"SPAN 260, SPAN 261",,
871,SPAN 352,,,,"SPAN 308, SPAN 306, SPAN 304",,
872,SPAN 373,,SPAN 378,,"SPAN 308, SPAN 306, SPAN 304",,
873,SPAN 381,,,,,"SPAN 260, SPAN 261",
874,SPAN 382,,,,"SPAN 308, SPAN 306, SPAN 304",,
875,SPAN 405,,,,,"SPAN 310, SPAN 315",
876,SPAN 455,,,,"SPAN 308, SPAN 306, SPAN 304",,
877,SPAN 460,,,,,SPAN 301,
878,SPAN 464,,,,"SPAN 308, SPAN 306, SPAN 304",,
879,SPAN 465,,,,"SPAN 260, SPAN 261",,
880,SPAN 469,,,,,"SPAN 260, SPAN 261, SPAN 220",
881,SPAN 471,,,,,SPAN 302,
882,SPAN 472,,,,,"SPAN 308, SPAN 306, SPAN 304",
883,AMST 133,,,,,REL 133,
884,HIST 473,,HIST 371,,,,
885,LING 401,,LING 401,,,LING 301,
886,LING 402,,LING 402,,,"LING 210, LING 302",udc00084
887,LING 403,,LING 201,,,LING 302,
888,LING 410,,LING 396,,,LING 210,
889,MATH 434,,,,,"MATH 226, MATH 227","csr01123, csr00962, csr02531"
890,MATH 450,,,,,"MATH 245, MATH 225",csr01548
891,AME 305,,,,,"CE 225, AME 204",
892,AME 410,,,,AME 305,,
893,AME 303,,,,,"CE 235, AME 301",
894,IML 201,,IML 101,,,,udc00156
895,IML 288,,IML 388,,,,
896,IML 202,,IML 102,,,IML 201,
897,IML 203,,IML 103,,,IML 202,
898,IML 310,,,,,IML 300,
899,IML 404,,,,,IML 288,
900,IML 428,,,,,IML 328,
901,IML 435,,,,,IML 335,
902,IML 436,,,,,IML 335,
903,IML 454,,,,,IML 354,
904,IML 441,,,,,IML 346,
905,IML 444,,,,,IML 441,
906,IML 422,,IML 222,,,,"udc00101, csr00910, csr01554, csr00021, csr00091, csr00281, udc00182"
907,IML 458,,,,,"IML 456, CTPR 457",
908,ARAB 252,,MDES 252,,,ARAB 222,
909,IRAN 250,,MDES 250,,,IRAN 220,
910,CLAS 378,"MDES 378, HIST 328",,,,,
911,COLT 437,MDES 437,COLT 448,,,,
912,COLT 447,MDES 447,COLT 448,,,,
913,MDES 343,COLT 347,,,,,
914,MDES 340,IR 359,,,,,
915,ARAB 300,LING 300,,,,ARAB 222,
916,ARAB 322,,MDES 322,,,ARAB 252,
917,ARAB 333,,MDES 333,,,"ARAB 222, ARAB 152, ARAB 252",
918,ARAB 334,,MDES 334,,,ARAB 222,
919,ARAB 352,,MDES 352,,,ARAB 322,
920,IRAN 320,,MDES 320,,,IRAN 250,
921,IRAN 350,,MDES 350,,,IRAN 320,
922,MDES 345,IR 350,,,,,
923,MUHL 231,,MUHL 385,,,"MUHL 385, MUCO 132, MUCO 133",
924,MUHL 232,,MUHL 385,,,"MUCO 132, MUCO 133",
925,MUHL 331,,MUHL 280,,,"MUCO 132, MUCO 133, MUCO 233, MUCO 232",
926,MUHL 332,,MUHL 280,,"MUEN 331, MUCO 233, MUHL 231, MUCO 232, MUHL 232",,
927,MUIN 360,,,,,MUIN 270,
928,MUIN 450,,,,,"MUIN 360, MUIN 372",
929,MUIN 370,,,,,"MUIN 270, MUIN 272",
930,MUIN 443,,,,,"MUIN 360, MUIN 372","csr00992, csr00996"
931,MUIN 445,,,,,MUIN 360,
932,MTEC 175,,MTEC 275,,,,
933,MTEC 176,,MTEC 275,,MTEC 175,,
934,MTEC 275,,MTEC 275,,"MTEC 176, MTEC 175",,csr01146
935,MTEC 389,,MUIN 389,,,MTEC 275,
936,MTEC 392,,MUIN 392,,,MTEC 275,
937,MTEC 442,,MUIN 442,,,MTEC 275,
938,MTEC 477,,MUIN 477,,,MTEC 275,
939,MTEC 478,,MUIN 478,,,MTEC 446,
940,MTEC 479,,MUIN 479,,,"MTEC 446, MTEC 275",
941,MTEC 494,,MUIN 494,,,,
942,BAEP 450,,"BAEP 310, BAEP 423, BAEP 451, BUAD 301",,,,"csr02002, csr02002, csr01432, csr01399, csr00854"
943,BAEP 451,,"BAEP 310, BAEP 423, BAEP 450, BUAD 301",,,,
944,MUIN 497,,,,,"MUIN 270, MUIN 272","csr00780, csr02489"
945,MUIN 372,,MUIN 372,,,"MUIN 270, MUIN 272",
946,MUIN 444,,,,,"MUIN 360, MUIN 372",
947,MUIN 475,,,,,MUIN 425,
948,MTEC 486,,MUIN 486,,,MTEC 446,
949,MTEC 493,,MUIN 493,,,MTEC 275,csr01145
950,MKT 385,,BUAD 307,,,,
951,MUIN 410,,,,,"MUIN 270, MUIN 272",csr01836
952,MUIN 420,,,,,"MUIN 270, MUIN 272",
953,MPPM 340,,,,MPPM 240,,
954,MPVA 241,,,,,MPVA 141,
955,MUSC 355,,MUCO 252,,,MUSC 255,
956,MUSC 455,,MUCO 254,,,MUSC 355,
957,MUIN 498,,,,,"MUIN 270, MUIN 272","csr01880, csr02345, csr01842, csr00266, csr01437, csr02145"
958,MTEC 337,,,,,MTEC 237,"csr00992, csr01517, csr01500, csr01502, csr01499"
959,MTEC 430,,,,,"MTEC 176, MTEC 175, MTEC 575, MTEC 277",
960,MTEC 491,,MTEC 291,,,"MTEC 446, MTEC 275",
961,MUCO 131,,,,,MUCO 133,
962,CTWR 415,,,,,"CTWR 413, CTWR 412, CTWR 416","csr01505, csr00792, csr02003, csr02003"
963,ENGL 402,,,,,"ENGL 302, ENGL 262, ENGL 263, ENGL 305, ENGL 261",
964,THTR 366,,,,,THTR 365,
965,ENGL 444,,,,ENGL 263,,udc00233
966,THTR 210,,,,THTR 125,,
967,THTR 211,,THTR 311,,THTR 125,,
968,CLAS 380,,,,CLAS 280,,
969,ENGL 423,,,,,ENGL 261,
970,ENGL 424,,,,,ENGL 262,
971,ENGL 425,,,,,ENGL 262,
972,ENGL 426,,,,,ENGL 262,
973,ENGL 440,,,ENGL 263,,,
974,ENGL 441,,,ENGL 263,,,
975,ENGL 361,,ENGL 455,,,,
976,ENGL 363,,ENGL 463,,,,
977,THTR 300,,THTR 200,,,,
978,BISC 408,,,,,BISC 421,
979,BISC 410,,,,,BISC 330,
980,BISC 411,,,,,"BISC 221, BISC 220, BISC 320",
981,BISC 422,,,BISC 421,,,
982,BISC 426,,,,,BISC 421,
983,MATH 265,,,,,"MATH 125, MATH 127, MATH 126","csr00220, csr01367"
984,PSYC 426,,,,,PSYC 100,
985,SOCI 408,,,SOCI 325,,"SOCI 200, SOCI 314, SOCI 313, SOCI 325, SOCI 270, SOCI 370",
986,ANTH 357,,,,,"ANTH 100, ANTH 200",
987,SOCI 402,SWMS 402,,,,"SOCI 200, SOCI 314, SOCI 370, SOCI 313, SOCI 325",
988,SOCI 429,,,,,"SOCI 200, SOCI 314, SOCI 370, SOCI 313, SOCI 325",
989,SOCI 464,SWMS 464,,,,"SOCI 200, SOCI 314, SOCI 370, SOCI 313, SOCI 325",
990,COMM 487,,,,COMM 385,,
991,PPD 318,,PPMT 351,,,,"csr00919, csr01036, csr00956, csr01893, csr00310, csr00881, csr01870"
992,SOCI 425,,,,,"SOCI 200, SOCI 314, SOCI 370, SOCI 313, SOCI 325",
993,OT 511,,OT 410,,,,
994,OT 515,,OT 451,,,,"csr01367, csr00220"
995,OT 518,,OT 480,,,,
996,OT 521,,OT 411,,,,
997,OT 523,,OT 430,,,,
998,OT 525,,OT 470,,,,"csr01059, csr01662, csr00848, csr01567, csr01736"
999,OT 501,,OT 401,,,,
1000,OT 502,,OT 402,,,,csr02573
1001,OT 503,,OT 403,,,,
1002,MPGU 259,,,,MUCO 232,,
1003,MPGU 357,,,,MPGU 257,,
1004,MPGU 426,,"MUHL 426, MPGU 426",,MUHL 332,,
1005,MPGU 427,,"MUHL 426, MPGU 426",,MPGU 426,,
1006,MPGU 459,,,,"MUCO 233, MUCO 232",,
1007,MUEN 323,,"MUEN 423, MUEN 223",,,,
1008,MUEN 325,,"MUEN 225, MUEN 425",,,,
1009,MPKS 260,,,,,MPKS 160,
1010,MUEN 328,,MUEN 428,,,,
1011,MPKS 228,,MUEN 228,,,,
1012,MPKS 431,,,,,"MPKS 260, MPKS 253",
1013,MPKS 472,,,,,"MUHL 331, MUHL 332",
1014,MPPM 320,,,,,MPPM 120,
1015,MPGU 258,,,,,MPGU 159,
1016,MPGU 358,,,,,MPGU 258,
1017,MPGU 416,,MUHL 416,,,,
1018,MPGU 301,,"MPGU 201, MPGU 401",,,,
1019,MUEN 327,,"MUEN 227, MUEN 427",,,,
1020,MPVA 203,,MPVA 303,,MPVA 153,,
1021,MPVA 404,,,,MPVA 203,,
1022,MPVA 440,,MPVA 442,,,,
1023,MPVA 479,,MUHL 479,,,,
1024,FREN 150,,,,,FREN 120,
1025,RXRS 403,,,,,BISC 220,
1026,RXRS 408,,,,,"BISC 220, CHEM 105, BISC 120",
1027,RXRS 409,,,,,"BISC 450, RXRS 408",
1028,RXRS 410,,,,,"BISC 220, CHEM 105, BISC 120",
1029,PHIL 222,,PHIL 350,,,,csr00654
1030,PHIL 240,,PHIL 262,,,,
1031,POSC 426,,,,POSC 130,,
1032,POSC 444,,,,"POSC 440, POSC 340",,
1033,POSC 440,,,,POSC 340,,
1034,POSC 443,,,,POSC 130,,
1035,PHYS 440,,,PHYS 438,,,
1036,PHYS 493,,,,,"PHYS 152, PHYS 153",
1037,EE 352,,,,,CSCI 104,"csr01451, csr02000, csr02000"
1038,ECON 303,,,ECON 205,,"MATH 118, MATH 125, ECON 203",
1039,BUAD 350,,,,,"ECON 205, ECON 203",
1040,ECON 330,,,,,ECON 203,
1041,ECON 332,,,,,ECON 203,
1042,ECON 360,,,,,"ECON 205, ECON 203",csr01114
1043,ECON 366,,,,,"ECON 205, ECON 203",
1044,ECON 395,,,,,"ECON 205, ECON 203",
1045,PPD 357,,PPMT 357,,,ECON 203,
1046,ECON 487,,,,,ECON 303,
1047,PSYC 316,,,,,"PSYC 100, PSYC 314",
1048,MATH 117,,,,,MATH 040,
1049,PPD 240,,PPMT 240,,,,
1050,PPD 301,,PPD 401,,,,
1051,PPD 303,,PPD 404,,,MATH 117,
1052,PPD 373,,PPD 473,,,"PPD 225, PPD 303, ECON 203",
1053,PPD 415,,,,,PPD 325,
1054,PPD 413,,PPMT 439,,,,
1055,PPD 320,,PPMT 485,,,,
1056,PPD 403,,PPMT 403,,,,
1057,PPD 371,,PPMT 371,,,,
1058,PPD 372,,PPMT 372,,,,
1059,PPD 313,,PPMT 313,,,ECON 203,
1060,PPD 342,,PPMT 342,,,,
1061,ECON 434,,,,,ECON 303,
1062,PPD 439,,PLDV 440,,,,
1063,PPD 404,,,,,PPD 303,
1064,PPD 358,,PLDV 402,,,,
1065,PPD 380,,PPMT 412,,,,udc00054
1066,PR 209,,JOUR 209,,,,"csr01114, csr01118, csr00777, csr02486"
1067,PR 250,,"JOUR 250, JOUR 350",,,,"csr01114, csr01115, csr01118, csr01116"
1068,PR 351,,JOUR 351,,,"PR 250, JOUR 209, JOUR 250, PR 209","csr01114, csr01126, csr01117, csr02097, csr02311"
1069,PR 428,,JOUR 428,,,"PR 250, JOUR 250",csr01114
1070,PR 429,,JOUR 429,,,"PR 351, JOUR 351","csr01114, csr01118, csr01116, csr01115"
1071,PR 450,,JOUR 450,,,"JOUR 463, PR 463, PR 351, JOUR 351","csr01116, csr01118, csr01114, csr01117, csr01115"
1072,PR 463,,JOUR 463,,,"PR 351, JOUR 351","csr01115, csr01118, csr01116"
1073,MATH 307,,,,,"MATH 118, MATH 125, MATH 126","csr00006, csr00272"
1074,MATH 308,,,,,MATH 307,"csr00006, csr00272"
1075,BISC 321,,MDA 321,,,"PHYS 151, CHEM 115, BISC 221, BISC 220, CHEM 105, PHYS 135, BISC 120, BISC 121",
1076,BISC 407,NEUR 407,,,BISC 421,,
1077,BISC 434,,,,BISC 325,,
1078,BISC 473,,,,,"BISC 103, BISC 120, BISC 121",
1079,RED 362,,,,,"PPD 227, MATH 118, PPD 245, MATH 108, MATH 125, MATH 117",
1080,RED 375,,PPD 375,,,"RED 362, BUAD 215, ECON 203",
1081,RED 435,,PPD 435,,,"PPD 303, RED 375",
1082,RED 437,,PPD 437,,,RED 435,
1083,EALC 431,,,,EALC 355,,
1084,SLL 255,,,,,SLL 220,
1085,SOCI 325,,,,,"SOCI 200, SOCI 314, SOCI 313",
1086,SOCI 351,,,,,"SOCI 200, SOCI 314",
1087,SOCI 353,,,,,"SOCI 200, SOCI 314",
1088,SOCI 480,,,,,"SOCI 200, SOCI 314, SOCI 370, SOCI 313, SOCI 325","khn00725, khn00765, khn00775"
1089,SOCI 494,,,,,"SOCI 200, SOCI 314, SOCI 370, SOCI 313, SOCI 325",
1090,SOCI 495,,,,,"SOCI 313, SOCI 494",
1091,SPAN 310,,,,,"SPAN 260, SPAN 261",
1092,THTR 231,,,,"THTR 201, THTR 125",,csr00315
1093,THTR 232,,,,,THTR 131,
1094,THTR 335,,THTR 131,,,,
1095,THTR 152,,,,,THTR 101,
1096,THTR 352,,,,,THTR 252,
1097,THTR 354,,,,,"THTR 101, THTR 252",
1098,THTR 454,,,,,THTR 354,
1099,THTR 316,,,,,THTR 216,
1100,THTR 417,,,,THTR 216,,
1101,THTR 424,,,,,"THTR 101, THTR 305, THTR 152, THTR 130",
1102,THTR 442,,,,,"THTR 408, THTR 342",
1103,THTR 452,,,,,THTR 352,
1104,THTR 303,,,,,"THTR 132, THTR 131",
1105,THTR 330,,,,THTR 130,,
1106,THTR 331,,,,THTR 231,,
1107,THTR 402,,,,,"THTR 132, THTR 131",
1108,THTR 407,,FA 407,,,,
1109,THTR 432,,,,,THTR 330,
1110,THTR 433,,,,,THTR 331,
1111,THTR 434,,,,,THTR 332,
1112,THTR 436,,,,,"THTR 336, THTR 236",csr01146
1113,THTR 441,,,,,THTR 436,
1114,THTR 409,,,,,"THTR 132, THTR 130",
1115,THTR 430,,,,,THTR 333,
1116,THTR 443,,,,,"THTR 397, THTR 333",
1117,THTR 453,,,,,"THTR 430, THTR 333, THTR 397",
1118,THTR 425,,,,THTR 438,,"csr01489, udc00171"
1119,THTR 438,,,,,THTR 230,"csr01489, udc00171"
1120,DANC 280,,THTR 280,,,,
1121,ARCH 444,,ARCH 322,,,,
1122,ART 362,,FAIN 330,,,,
1123,CTWR 250,,,,CTWR 106,,
1124,CTWR 321,,,,,"CTWR 412, CTWR 100, CTWR 402, CTWR 413",
1125,CTWR 421,,,,,"CTWR 514, CTWR 411, CTWR 321, CTWR 529, CTWR 324",
1126,CTWR 434,,,,,"CTWR 321, CTWR 529, CTWR 404, CTWR 324",
1127,CTWR 437,,,,,"CTWR 411, CTWR 421, CTWR 434",
1128,CTWR 439,,,,,"CTWR 421, CTWR 434",
1129,CTWR 449,,,,,"CTWR 411, CTWR 439",
1130,CTWR 453,,,,,"CTWR 415, CTWR 305",
1131,CTWR 419,,,,,"CTWR 411, CTWR 421, CTWR 305",
1132,CTWR 420,,,,,"CTWR 439, CTWR 437, CTWR 404",
1133,CTWR 459,,,,,CTWR 459,
1134,CTWR 407,,,,CTWR 404,,
1135,CTWR 433,,,,,"CTWR 514, CTWR 529, CTWR 414, CTWR 206",
1136,CTWR 435,,,,,"CTWR 415, CTWR 206, CTWR 416",
1137,CTWR 438,,,,,"CTWR 514, CTWR 529, CTWR 414, CTWR 206",
1138,CTWR 468,,,,,"CTWR 514, CTWR 516, CTWR 415, CTWR 416, CTWR 305, CTWR 533",
1139,CTWR 477,,,,,CTWR 404,
1140,CTWR 487,,,,,CTWR 434,
1141,CTWR 497,,,,,"CTWR 404, CTWR 534, CTWR 434",
1142,CLAS 305,,,,"HIST 101, CLAS 151",,"csr01175, khn01112, khn01122, khn01132, khn01152"
1143,ENGL 355,,,,"ARLT 100, WRIT 150, CORE 102",,
1144,HIST 377,EALC 377,,,,,
1145,HIST 463,,,,"HIST 361, HIST 360",,
1146,EALC 304,,,,,EALC 206,"csr02557, csr02558, csr02556"
1147,EALC 315,,,,,EALC 217,
1148,EALC 320,,,,,EALC 222,
1149,EALC 400,,,,,EALC 206,"csr02557, csr02558, csr02556"
1150,EALC 415,,,,,EALC 317,
1151,EALC 386,,,,,EALC 217,
1152,ECON 318,,ECON 414,,,ECON 317,
1153,IML 440,,,,,IML 346,
1154,ART 442,,FASC 436,,,,
1155,ART 120,,FAPT 105,,,,
1156,ART 151,,FAIN 210,,,,udc00135
1157,ART 210,,FADW 201,,,"FADW 101, ART 110",
1158,ART 310,,FADW 301,,,"FADW 201, ART 210",
1159,CTAN 455,,,,"CTAN 462, CTAN 452",,
1160,CTAN 463,,,,,CTAN 462,
1161,CTAN 464,,,,,"CTAN 462, CTAN 452",
1162,CTAN 465,,,,,"CTAN 462, CTAN 452",
1163,CTAN 497,,,,,CTAN 452,
1164,CTAN 502,,CTAN 502,,,,
1165,CTAN 508,,,,,CTAN 462,
1166,CTAN 564,,,,,"CTAN 462, CTAN 452",
1167,CTAN 565,,,,,CTAN 564,
1168,ART 140,,FASC 106,,,,
1169,ART 260,,FAIN 220,,,,
1170,ART 361,,FAIN 315,,,,
1171,CTIN 493,,CTIN 491,,,,
1172,ART 142,,FASC 136,,,,
1173,ART 240,,FASC 206,,,"FASC 106, ART 140",
1174,ITP 415,,,,,ITP 215,"csr00875, udc00047"
1175,ITP 305,,,,,"ARCH 207, ITP 215",
1176,ITP 315,,,,,ITP 215,
1177,ITP 360,,,,,ITP 215,
1178,ITP 450,,,,,ITP 360,
1179,ITP 480,ACAD 480,,,,,
1180,BUAD 305,,"BUAD 286, BUAD 285, BUAD 280, BUAD 281",,,,
1181,ACCT 415,,"ACCT 412, ACCT 411",,,"BUAD 286, BUAD 305, BUAD 285, ACCT 410, BUAD 281","csr00964, csr02533, csr01893, csr00919, csr01036, csr00310, csr00881, csr01870"
1182,PR 340,,JOUR 340,,,,"udc00201, udc00204, csr01859, csr02322, csr00841, csr01055"
1183,PR 341,,JOUR 341,,,"PR 340, JOUR 340",udc00201
1184,PR 342,,JOUR 342,,,"PR 340, JOUR 340",udc00201
1185,PR 343,,JOUR 343,,,"PR 340, JOUR 340","udc00201, udc00204"
1186,MKT 406,,,,,MKT 405,udc00201
1187,ITP 449,,,,,ITP 350,"csr00107, csr01555, csr00026, csr00286, csr00133, csr00249, csr00024, csr00284"
1188,DSO 424,,DSO 424,,,BUAD 310,"udc00180, csr01821, csr01074"
1189,DSO 428,,IOM 428,,,,csr02570
1190,ITP 489,,,,,"ITP 320, ITP 250","csr02075, csr00491"
1191,PR 478,,JOUR 478,,,,"csr00103, csr02031, csr02097, csr02311"
1192,ITP 325,,,,,ITP 125,
1193,ITP 357,,,,,ITP 125,
1194,ITP 370,,,,,ITP 125,"csr01016, csr00910, udc00097, csr01450, csr00907, csr02103, csr00543, csr01452, csr02033, csr02117"
1195,ITP 375,,,,,ITP 125,
1196,ITP 425,ACAD 425,,,,"ITP 301, ITP 325, ACAD 275",
1197,ITP 457,,,,,ITP 357,"udc00097, csr01011"
1198,ITP 475,,,,,ITP 375,
1199,THTR 468,,,,"THTR 201, EDUC 200",,
1200,ECON 404,,,,,ECON 303,
1201,ECON 405,,,,,ECON 303,
1202,ECON 415,,,,,ECON 303,
1203,ECON 420,,,,,"ECON 317, ECON 303",
1204,ECON 432,,,,,"ECON 305, ECON 303",
1205,FBE 324,,,,,"BUAD 350, BUAD 351, ECON 351, ECON 352, ECON 205, ECON 203","csr01036, csr00919, csr01078"
1206,FBE 416,,,,,"BUAD 351, ECON 351, BUAD 311, ECON 203","csr00952, csr00760, csr00941, csr02221"
1207,FBE 433,,,,,"BUAD 306, BUAD 215",
1208,BUAD 315,,BUAD 311,,,,
1209,DSO 401,,IOM 401,,,,
1210,DSO 402,,IOM 402,,,,
1211,ART 130,,FACE 112,,,,
1212,ART 230,,FACE 212,,,,
1213,ART 330,,FACE 312,,,"ART 130, FACE 112",
1214,ART 331,,FACE 313,,"ART 230, ART 130",,
1215,ART 430,,FACE 412,,,"FACE 312, ART 330",
1216,ART 434,,ART 414,,"ART 130, FACE 112",,
1217,EALC 334,,,,,EALC 206,"csr02557, csr02558, csr02556"
1218,EALC 336,,,,,"EALC 334, EALC 304","csr02557, csr02558, csr02556"
1219,HP 345,,CNTV 345,,,,
1220,CTPR 301,,CTWR 301,,,,
1221,CORE 400,,,,CORE 200,,"csr01562, csr01399, csr00010, csr00276, csr00311, csr00882, csr01871, csr01034, csr01099, csr02270"
1222,COMM 330,,,,COMM 311,,
1223,THTR 322,,,,,"THTR 101, THTR 122",
1224,THTR 422,,,,,"THTR 322, THTR 101, THTR 122, THTR 483, THTR 470",
1225,THTR 473,,,,"THTR 101, THTR 122, THTR 470",,
1226,THTR 482,,,,,THTR 474,
1227,CTPR 464,,,,"CTPR 371, CTPR 523, CTPR 476, CTPR 532, CTPR 484",,
1228,CTWR 324,,,,,"CTWR 413, CTWR 412, CTWR 404",
1229,ART 360,,FAIN 320,,,"FAIN 220, ART 260",
1230,COMM 340,,,,COMM 339,,
1231,COMM 375,,,,COMM 204,,
1232,DES 313,,FADN 313,,,"FADN 102, DES 102, DES 203","csr00855, csr01656, csr01674"
1233,DES 333,,FADN 333,,,,
1234,COMM 421,,,,,COMM 322,
1235,COMM 449,,,,COMM 309,,
1236,COMM 486,,,,COMM 385,,
1237,COMM 498,,,,,COMM 310,
1238,ITP 445,,,,,ITP 375,
1239,ITP 446,,,,,ITP 375,
1240,ITP 447,,,,,ITP 375,
1241,ITP 448,,,,,ITP 375,
1242,ITP 365,ACAD 365,,,,"ITP 109, ITP 165, ITP 115","csr00954, csr00056, csr02597, csr01574, csr01988, csr01988, csr00478"
1243,ITP 341,,,,,"CSCI 104, ITP 365",
1244,ITP 342,ACAD 342,,,,"CSCI 104, ITP 365",
1245,FBE 400,,FBE 200,,,,
1246,CE 412,,,,CE 404,,
1247,PSYC 451,,,,,"PSYC 100, PSYC 355",
1248,PSYC 456,,,,PSYC 100,,
1249,DENT 412,,BME 412,,,,
1250,ENGR 305,,,,"CHEM 105, MASC 110",,
1251,COMM 395,SWMS 395,,,,,
1252,COMM 457,,,,,COMM 300,
1253,JOUR 493,COMM 493,,,,,
1254,IR 470,,,,,IR 210,
1255,HIST 464,,,,HIST 363,,
1256,POSC 354,,,,POSC 120,,
1257,DANC 170,,"THTR 385, DANC 385",,,,
1258,DANC 175,,"THTR 482, DANC 482",,,,
1259,DANC 483,,THTR 483,,,,
1260,DANC 183,,THTR 183,,,,
1261,DANC 185,,"DANC 185, THTR 185",,,,
1262,ART 250,,FAPH 309,,,"FAPH 209, ART 150, ART 151, FAIN 210",udc00135
1263,ART 350,,FAPH 309,,,"ART 250, FAPH 309",udc00135
1264,ART 460,,FAIN 440,,,,
1265,ART 315,,FADW 331,,"ART 310, ART 320",,
1266,ART 370,,FAPR 311,,,,
1267,ART 410,,"FA 401, FADW 401",,,"ART 310, FADW 301",
1268,ART 470,,FAPR 411,,,"FAPR 311, ART 370",
1269,ENGL 420,,,,,ENGL 261,
1270,ENGL 421,,,,,ENGL 261,
1271,ENGL 422,,,,,ENGL 261,
1272,AHIS 430,,"AHIS 446, AHIS 444",,"AHIS 230, AHIS 330",,
1273,AHIS 453,,,,"AHIS 230, AHIS 344",,
1274,ENGL 461,,,ENGL 261,,,
1275,ENGL 465,,,ENGL 261,,,
1276,HIST 307,SWMS 307,,,,,
1277,GEOL 351,,,,,MATH 125,
1278,BAEP 454,,,,,BAEP 452,
1279,BISC 419,,,,,"BISC 300, BISC 330",
1280,CE 443,,,,,"CHEM 105, CHEM 115",
1281,LAW 404,,,,PSYC 100,,
1282,PSYC 363,,PSYC 463,,,PSYC 100,
1283,PSYC 365,,PSYC 465,,,PSYC 100,
1284,PPD 340,,PPMT 340,,,,
1285,CTWR 405,,,,,"CTWR 505, CTWR 412, CTWR 513, CTWR 518, CTWR 413, CTAN 436, CTWR 100, CTAN 536","csr02074, csr00408, csr01907, udc00183, csr00716, csr00971, csr01921, csr00409, csr01908, udc00207"
1286,IML 490,,,,,"IML 201, IML 104",csr01115
1287,MTEC 277,,MUIN 277,,,,"csr01500, csr00992, csr00996, csr00227"
1288,CTIN 444,,,,CTIN 406,,
1289,MUCO 221,,,,,"MUCO 130, MUCO 133, MUCO 221",
1290,CTIN 497,,CTIN 497,,,,
1291,BISC 483,,,,,"CHEM 105, BISC 120",
1292,BISC 474,,,,,"BISC 120, BISC 121",
1293,GEOL 460,,,,,"CHEM 105, CHEM 115, MATH 126",
1294,GEOL 316,,,,,GEOL 315,
1295,GEOL 321,,,,GEOL 320,,
1296,GEOL 440,,,"PHYS 152, PHYS 135",,MATH 126,
1297,GERM 201,,,,,GERM 102,
1298,GERM 221,,,,,GERM 201,
1299,GERM 310,,,,,GERM 201,
1300,GERM 311,,,,,GERM 201,
1301,GERM 320,,,,,GERM 221,
1302,GERM 325,,,,,GERM 221,
1303,MDA 110,,MDA 100,,,,
1304,MEDS 260,,,,"MDA 110, MEDS 220",,
1305,MEDS 320,,,,,"BISC 221, BISC 220",
1306,MEDS 335,,,,,"BISC 221, BISC 220, BISC 320",
1307,MEDS 340,,,,,"MEDS 310, CHEM 115, BISC 221, BISC 220, CHEM 105, CHEM 103",
1308,MEDS 350,,,,,"BISC 320, MEDS 330, CHEM 115, BISC 330, BISC 221, BISC 220, CHEM 105, CHEM 103",
1309,MEDS 360,,,,,"BISC 320, CHEM 115, BISC 330, BISC 221, BISC 220, CHEM 105, CHEM 103",
1310,MEDS 370,,,,,"EXSC 301, MEDS 220, MEDS 320, CHEM 115, BISC 221, BISC 220, CHEM 105, CHEM 103",
1311,MEDS 380,,,,,"BISC 221, BISC 220",
1312,MEDS 420,,,,,"BISC 221, BISC 220, MEDS 220",
1313,MEDS 425,,,,,"BISC 221, BISC 220, MEDS 220",
1314,MEDS 440,,,,,"MEDS 220, CHEM 115, BISC 221, BISC 220, CHEM 105, CHEM 103",
1315,MEDS 445,,,,,"BISC 221, BISC 220, MEDS 220",
1316,MEDS 450,,,,,"BISC 221, BISC 220, MEDS 220",
1317,MEDS 460,,,,,"BISC 221, BISC 220, MEDS 220, MEDS 260",
1318,MEDS 465,,,,,"BISC 221, BISC 220, MEDS 220",
1319,MEDS 490,,,,,"MEDS 360, CHEM 115, MEDS 300, BISC 221, BISC 220, CHEM 105, CHEM 103",
1320,COMM 315,,,,COMM 301,,
1321,ECON 348,,,,,"ECON 205, ECON 203",
1322,SSCI 401,,,,"SSCI 301, IR 381",,"khn00631, khn00641, khn00651, khn00661, khn00671, khn00681, khn00691, khn00701, csr00898, csr01320"
1323,MS 401,,MS 400,,,,"csr01877, csr02342, csr01839, csr02209"
1324,MS 402,,MS 410,,,,"csr01877, csr02342, csr02209, csr01831, csr01839, csr01891"
1325,CSCI 425,,,,,CSCI 423,"csr00868, csr02233, csr00872, csr02237, csr01990, csr01990, csr01963, csr01963, csr02250"
1326,CTAN 504,,,,,CTAN 502,"csr00408, csr01907, udc00183, csr00409, csr01908, csr01921, udc00207"
1327,CTIN 479,,,,"CTIN 488, CTIN 190, CTIN 541",,
1328,IML 543,,,,"CTIN 503, CTIN 541",,
1329,ITP 496,,,BAEP 496,,"BAEP 452, ITP 476, ITP 466",
1330,BAEP 496,,,ITP 496,,"BAEP 452, ITP 476, ITP 466",
1331,PHIL 166,,PHIL 140,,,,
1332,PHIL 172,,PHIL 137,,,,
1333,PPD 476,,PPMT 486,,,,
1334,PPD 482,,PPMT 482,,,,
1335,PPD 411,,PPMT 411,,,,
1336,MUJZ 301,,"MUJZ 401, MUJZ 201",,,,
1337,MUJZ 450,,,,MUJZ 150,,
1338,COMM 392,"JOUR 392, PR 392",,,,,
1339,PR 455,,JOUR 455,,,,csr01114
1340,JOUR 460,COMM 464,,,,,"csr00729, csr01753, csr02097, csr02311, udc00200, csr01778"
1341,EALC 429,,,,"HIST 105, EALC 332",,
1342,HIST 498,,,,HIST 201,,
1343,ARCH 547,,,,ARCH 531,,
1344,ARCH 565,,ARCH 465,ARCH 414,,,
1345,HIST 302,SWMS 302,,,,,
1346,PORT 316,,,,,"PORT 300, PORT 240",
1347,ECON 471,,,,,ECON 303,
1348,BISC 431,,BISC 419,,,"BISC 221, BISC 220",
1349,BISC 457,,,,,"BISC 103, BISC 120, BISC 121",
1350,ENST 298,ARCG 298,ENST 298,,,,
1351,BISC 437,,,,,"BISC 313, BISC 325, BISC 320, BISC 330, BISC 221, BISC 220, BISC 120, BISC 121",
1352,BISC 485,,,,,"CHEM 322, CHEM 325, BISC 320, BISC 221, BISC 220, BISC 120, BISC 121",
1353,BISC 499,,,,"BISC 221, BISC 220, BISC 330, BISC 320, BISC 325",,
1354,BUAD 351,,,,,"ECON 205, MATH 118, MATH 125, ECON 203",
1355,ECON 357,,,,,"ECON 205, ECON 203",
1356,ECON 457,,,,,ECON 303,"csr01078, csr00711, csr01092, csr01715, csr01091, csr01082, csr01854, csr01826"
1357,CTWR 402,,CTWR 412,,,,"csr00853, csr01505"
1358,PR 473,,JOUR 473,,,,"csr01126, csr01117"
1359,PR 491,,JOUR 491,,,,"csr01114, csr01118"
1360,ITP 442,ACAD 442,,,,ITP 140,"udc00091, csr02258, csr02259, csr01938"
1361,ITP 344,ACAD 344,,,,ITP 342,"udc00035, csr02025, csr00618, csr02415, csr01289"
1362,ITP 382,ACAD 382,,,,"CSCI 104, ITP 365","csr00554, csr00868, csr02233"
1363,MUIN 272,,MUIN 372,,,,
1364,MTEC 378,,,,,MTEC 446,
1365,SCOR 403,,,,,"MTEC 445, MUCO 133, MTEC 443",
1366,SCOR 405,,MUCO 445,,,"MTEC 445, MUCO 133, MTEC 443",csr01713
1367,MPVA 412,,,,,MPVA 402,
1368,EE 337,,EE 238,,,PHYS 152,
1369,DSO 482,,IOM 482,,,BUAD 311,"csr00320, csr00660, csr00318, csr00319, csr00316, csr01892, csr00317, csr00458"
1370,DSO 483,,IOM 483,,,BUAD 311,"csr01888, csr00465"
1371,DSO 427,,IOM 427,,BUAD 310,,
1372,ART 220,,FAPT 205,,,"FAPT 105, ART 120",
1373,ART 320,,FAPT 305,,,"ART 220, FAPT 205",
1374,ART 420,,FAPT 405,,,"FAPT 305, ART 320",
1375,PSYC 499,,,,,PSYC 100,
1376,THTR 201,,THTR 100,,,,
1377,PTE 462,,,,,PTE 461,
1378,ART 150,,FAPH 209,,,,udc00135
1379,ART 450,,FAPH 409,,,"FAPH 309, ART 350",
1380,PR 352,,,,,"PR 250, PR 209","csr01114, csr01126"
1381,CTAN 423,,CTAN 523,,,,
1382,GERO 496,,,,,"BISC 221, BISC 220",
1383,ART 242,,FASC 236,,ART 140,,
1384,ART 243,,FASC 246,,ART 140,,csr00322
1385,ART 340,,FASC 306,,,"FASC 206, ART 240",
1386,ART 440,,FASC 406,,,"FASC 306, ART 340",
1387,JOUR 380,COMM 382,,,,,
1388,JOUR 441,,,,,"JOUR 303, JOUR 302, JOUR 307",
1389,PR 453,,ASCJ 420,,,,csr01114
1390,PR 454,,JOUR 454,,,,"csr01114, csr01118, csr01115"
1391,MOR 479,,,,BUAD 304,,"csr01830, csr01045, csr02445"
1392,ENGR 509,,,,"EE 682, ISE 565",,
1393,ENGR 493,,BUAD 493,,,,
1394,ENGL 373,,ENGL 473,,,,
1395,ENGL 374,,ENGL 474,,,,
1396,ENGL 372,,ENGL 472,,,,
1397,ENGL 379,,ENGL 479,,,,
1398,ENGL 380,,ENGL 480,,,,
1399,CTIN 452,,,,,"CTIN 488, CTIN 489, CTIN 532, CTIN 541",
1400,PPD 438,,PLDV 447,,,,
1401,COMM 473,,,,,COMM 301,
1402,CSCI 534,PSYC 532,,,CSCI 561,,
1403,MDA 423,PSYC 423,,,,,"csr00864, csr00887, csr00874"
1404,ITP 391,,,,,"ITP 280, ITP 230","csr00965, csr02534, csr00300, csr01498"
1405,ITP 393,,,,,"ITP 280, ITP 230","csr00872, csr02237, csr01963, csr01963, csr00869, csr02234"
1406,ITP 491,,,,,"ITP 280, ITP 230","csr01713, csr01691, csr02212, csr01995, csr01995"
1407,CTIN 478,,,,,"CTIN 488, CTIN 483, CTIN 541",
1408,ITP 484,,,,,ITP 380,
1409,COMM 455,,,,COMM 311,,"udc00201, udc00204"
1410,HIST 245,SWMS 245,,,,,
1411,PSYC 453,,,,,PSYC 355,
1412,GSBA 504,,"GSBA 504, GSBA 534",,,,"csr01888, csr01039, csr00308, csr00879, csr01868, csr00465"
1413,GSBA 509,,"GSBA 528, GSBA 509",,,,"csr01825, csr01890, csr01831, csr01891, csr01050, udc00198, csr01035, csr01083, csr01085"
1414,GSBA 516,,"GSBA 506, GSBA 524",,,,"udc00117, csr00131, csr02397, csr00028, csr01313, csr01532, csr00954, csr00111, csr00961"
1415,GSBA 521,,"GSBA 548, GSBA 521",,GSBA 510,,"csr01038, csr01866"
1416,GSBA 533,,"GSBA 522, GSBA 543, GSBA 532",,,,"csr02516, csr01815, csr01800, csr01896"
1417,GSBA 540,,"GSBA 529, GSBA 519",,,,
1418,GSBA 542,,"GSBA 523, GSBA 502",,,,
1419,GSBA 545,,"GSBA 506, GSBA 524",,,,"csr00011, csr00920, csr01348, csr00894, csr00353, csr02505, csr00332, csr00112, csr00151"
1420,GSBA 580,,GSBA 582,,,,"csr00674, csr00772, csr00676, csr00774, csr00677, csr00775"
1421,GSBA 523,,"GSBA 542, GSBA 502",,,,
1422,GSBA 524,,"GSBA 516, GSBA 506, GSBA 545",,,,udc00167
1423,GSBA 529,,"GSBA 540, GSBA 519",,,,
1424,GSBA 518,,,,GSBA 510,,
1425,GSBA 528,,GSBA 509,,,,"csr01825, csr01890, csr01831, csr01891, csr01035, csr01834, udc00198, csr01852, csr01050, csr01851"
1426,GSBA 548,,GSBA 521,,,,"csr01038, csr01866"
1427,GSBA 549,,"GSBA 544, GSBA 526",,,,
1428,GSBA 534,,GSBA 504,,"GSBA 516, GSBA 506, GSBA 545, GSBA 524",,"csr01888, csr01039, csr00308, csr00879, csr01868, csr00465"
1429,GSBA 543,,"GSBA 522, GSBA 543, GSBA 533, GSBA 532",,,,
1430,GSBA 519,,"GSBA 540, GSBA 529",,,,
1431,GSBA 544,,"GSBA 549, GSBA 526",,,,
1432,GSBA 506,,"GSBA 516, GSBA 545, GSBA 524",,,,
1433,GSBA 522,,"GSBA 543, GSBA 532",,,,
1434,GSBA 550,,"BAEP 549, GSBA 586, BAEP 550, BAEP 551",,,,"csr02002, csr02002, csr01399, csr01432, csr01420, csr00854, csr01424, csr01417, csr01381, csr01980"
1435,GSBA 581,,GSBA 581,,,,csr00910
1436,GSBA 582,,"GSBA 580, GSBA 582",,GSBA 582,,"csr00676, csr00774, csr02099, csr00677, csr00775"
1437,GSBA 505,,"GSBA 516, GSBA 506, GSBA 511, GSBA 510, GSBA 545, GSBA 524",,,GSBA 501,csr01392
1438,GSBA 535,,"BAEP 549, GSBA 586, GSBA 550, BAEP 550, BAEP 551",,,GSBA 505,
1439,GSBA 537,,"GSBA 504, GSBA 543, GSBA 518, GSBA 522, GSBA 534, GSBA 536, GSBA 533, GSBA 532",,,GSBA 505,
1440,GSBA 538,,"GSBA 548, GSBA 506, GSBA 511, GSBA 509, GSBA 528, GSBA 534, GSBA 521",,,"GSBA 505, GSBA 509",
1441,GSBA 539,,"GSBA 548, GSBA 540, GSBA 580, GSBA 519, GSBA 529, GSBA 521",,,GSBA 505,"csr02099, csr00706"
1442,FBE 565,,,,,"GSBA 548, GSBA 521",
1443,FBE 588,,RED 562,,,,
1444,ACMD 592,,,,,ACMD 591,
1445,PM 513,,,,,PM 510,
1446,ACCT 557,,,,,ACCT 525,
1447,ACCT 585,,,,ACCT 572,,
1448,DSO 528,,IOM 528,,,,"csr01370, csr01374, csr02393"
1449,DSO 530,,IOM 530,,,,
1450,ACCT 546,,,,ACCT 525,,
1451,ACCT 549,,,,ACCT 547,,csr02064
1452,ARCH 705,,,,,"ARCH 605, ARCH 702",
1453,ARCH 793,,,,,"ARCH 605, ARCH 702",
1454,ARCH 795,,,,,"ARCH 605, ARCH 702",
1455,AME 509,,,,,AME 403,
1456,AME 535,,,,AME 526,,
1457,ASTE 545,,,,ASTE 501,,
1458,MASC 576,,,,,MASC 575,
1459,MATH 504,,,,,"MATH 502, MATH 501",
1460,AME 516,,,,,"AME 331, AME 457, AME 526",
1461,CE 541,,,,,CE 541,
1462,CE 542,,,,,"CE 428, CE 507",
1463,GERO 551,,,,,GERO 540,
1464,EDUC 672,,EDUC 501,,,,
1465,EDUC 675,,EDUC 504,,,,
1466,EDUC 676,,EDUC 505,,,,
1467,INF 559,ISE 559,INF 551,,,,"csr02570, csr00131, csr02397, csr00096, csr02034, csr00116, csr00027, csr01312, csr01531, csr00028"
1468,ISE 529,INF 561,,,,,"csr00100, csr00351, csr02503, csr00103, csr02031"
1469,ISE 533,,,,,"ISE 529, ISE 530",
1470,CTAN 536,,CTAN 436,,,,
1471,CTAN 547,,,,,CTAN 544,
1472,CTAN 555,,,,,CTAN 547,
1473,PSYC 537,,,,,"PSYC 530, PSYC 536",
1474,PSYC 596,,,,,PSYC 530,
1475,PM 511,,,,,PM 510,
1476,PM 517,,,,,"PM 511, PM 518",
1477,PM 518,,,,,PM 512,
1478,PM 523,,,,,"PM 511, PM 513",
1479,PM 527,,,,,PM 512,
1480,PM 515,,,,,PM 511,
1481,PM 516,,,,,PM 510,"udc00054, csr00012, csr00921, csr01349, csr01393"
1482,PM 529,,,,,PM 512,
1483,PM 533,,,,,"PM 543, PM 518, PM 511, PM 510, PM 512",
1484,PM 551,,,PM 522,,"PM 511, PM 512",
1485,PM 569,,,,,PM 511,udc00167
1486,PM 575,,,,,"PM 511, PM 518",
1487,PM 579,,,,PM 511,,
1488,PM 588,,,,,"PM 527, PM 512",
1489,MATH 510,,,,,"MATH 410, MATH 471","udc00151, udc00152, udc00150"
1490,MATH 520,,,,,MATH 425,"csr01158, csr02432"
1491,MATH 525,,,,,MATH 425,
1492,MATH 535,,,,,MATH 440,
1493,MATH 540,,,,,MATH 440,
1494,MATH 555,,,,,MATH 425,udc00158
1495,MATH 565,,,,,MATH 425,udc00158
1496,MATH 507,,,,,"MATH 525, MATH 570","khn00877, khn00897, khn00927, khn00937, khn00947, khn00881, khn00901, khn00911, khn00871, khn00891"
1497,MATH 541,,,,,MATH 541,"csr00649, csr00456"
1498,MATH 502,,,,,"MATH 425, MATH 471",
1499,MATH 601,,,,,MATH 502,
1500,THTR 577,,,,THTR 587,,
1501,THTR 578,,,,"THTR 521, THTR 544",,
1502,THTR 588,,,,,THTR 587,
1503,THTR 598,,,,,THTR 588,
1504,ARCH 575,,,,ARCH 505,,csr01634
1505,ARCH 605,,,,,ARCH 505,
1506,ASTE 523,,,,ASTE 520,,
1507,ASTE 527,,,,ASTE 520,,
1508,ASTE 529,,,,ASTE 520,,
1509,ASTE 554,,,,ASTE 520,,
1510,ASTE 570,,,,,ASTE 470,
1511,ASTE 572,,,,,ASTR 470,
1512,ASTE 574,,,,ASTE 470,,
1513,ASTE 581,,,,,ASTE 580,
1514,ASTE 583,,,,ASTE 580,,
1515,ASTE 585,,,,,"AME 451, EE 482",
1516,ASTE 589,,,,,ASTE 580,csr00662
1517,BME 525,,,,,"BME 513, EE 483",
1518,BME 527,INF 562,,,,,
1519,BME 528,INF 563,,,,,
1520,EE 569,,,,EE 503,,"csr01122, csr00373"
1521,BME 511,,,,BME 513,,
1522,PM 534,,,,,"PM 522, PM 518",
1523,PM 544,,,,,"PM 522, PM 510",
1524,PM 552,,,,,"PM 518, MATH 408",
1525,PM 603,,,,,PM 511,
1526,PM 604,,,,PM 511,,
1527,MATH 542,,,,,"MATH 226, MATH 208, MATH 225",
1528,MATH 543,,,,,"MATH 226, MATH 208",
1529,MATH 545,,,,,"MATH 226, MATH 208, MATH 225",udc00180
1530,MATH 547,,,,,"MATH 407, MATH 408",
1531,MATH 548,,,,,"MATH 407, MATH 408",
1532,MATH 550,,,,,MATH 208,
1533,ARCH 692,,,,,ARCH 596,"csr00101, csr00055"
1534,DSO 522,,IOM 522,,"GSBA 516, GSBA 506, GSBA 545, GSBA 524",,udc00180
1535,DSO 536,,DSO 532,DSO 516,,,
1536,DSO 547,,IOM 547,,,,
1537,MKT 566,DSO 566,DSO 566,,,,"csr01030, csr01095, csr01090, csr01824, csr01083, csr01029, csr01094, csr01853, csr01077, csr00762"
1538,BAEP 549,,"GSBA 586, GSBA 550, BAEP 550, BAEP 551",,,,
1539,ACCT 551,,,,"LAW 600, ACCT 560, ACCT 550",,
1540,ACCT 561,,,,"LAW 600, ACCT 560, ACCT 550",,
1541,ACCT 563,,,,,ACCT 550,
1542,ACCT 567,,,,,ACCT 550,
1543,ACCT 568,,,,,ACCT 561,
1544,ACCT 569,,,,,ACCT 551,
1545,ACCT 570,,,,,"ACCT 561, ACCT 550",
1546,ACCT 571,,,,,ACCT 550,
1547,ACCT 573,,,,,"LAW 600, ACCT 560, ACCT 550",
1548,ACCT 576,,,,,"ACCT 561, ACCT 550",
1549,ACCT 578,,,,,ACCT 561,
1550,ACCT 580,,,,,ACCT 550,
1551,ACCT 582,,,,,GSBA 510,"csr00310, csr00881, csr01870"
1552,ACCT 583,,,,,"ACCT 561, ACCT 585",
1553,BUCO 533,,,,"GSBA 523, GSBA 542, GSBA 502",,
1554,MUCD 541,,,,,MUCD 441,
1555,MUCM 543,,,,,MUCM 641,
1556,MPVA 542,,,,,"MPVA 541, MPVA 438",
1557,CTIN 510,,,,"CTCS 505, CTIN 541, CTIN 506",,
1558,CTIN 593,,,IML 543,,CTIN 503,
1559,CTIN 506,,CTIN 400,,,,
1560,CTIN 544,,,,,CTIN 534,
1561,CTPR 510,,,CTPR 507,,,
1562,CTWR 505,,CTWR 528,,,,
1563,CTPR 508,,,,,"CTWR 505, CTPR 507, CTPR 510",csr00992
1564,CTPR 506,,,,,"CTAN 547, CTIN 534, CTPR 507, CTPR 504",
1565,CTWR 529,,,,,"CTWR 505, CTPR 507",
1566,CTPR 523,,,,,CTPR 508,
1567,CTPR 546,,,,,CTPR 508,
1568,CTPR 547,,,,,CTPR 508,
1569,CTPR 497,,,,,"CTPR 508, CTPR 310","csr01517, csr00992, csr01500, csr01502, csr01499"
1570,CTPR 572,,,,,CTPR 508,
1571,CTPR 531,,,,,CTPR 508,
1572,CTPR 532,,,,,CTPR 508,
1573,CTPR 533,,,,,CTPR 532,
1574,CTPR 534,,,,,CTPR 508,
1575,CTPR 535,,,,,"CTPR 508, CTAN 547",
1576,CTPR 537,,,,,"CTPR 508, CTAN 547",
1577,CTPR 538,,,,,CTPR 508,
1578,CTPR 540,,,,,"CTAN 547, CTPR 507",
1579,CTPR 551,,,,,"CTAN 462, CTPR 537, CTPR 532, CTAN 555",
1580,CTPR 552,,,,,"CTPR 533, CTPR 532",
1581,CTPR 553,,,,,CTPR 508,
1582,CTPR 554,,,,,"CTPR 546, CTPR 547, CTPR 540",
1583,CTPR 556,,,,,"CTPR 546, CTPR 547, CTPR 535",
1584,CTPR 557,,,,,"CTPR 537, CTPR 424",
1585,CTPR 558,,,,,"CTPR 546, CTPR 547, CTPR 486, CTPR 538",
1586,CTPR 565,,,,,"CTPR 508, CTPR 310",
1587,CTPR 573,,,,,CTPR 508,
1588,CTWR 533,,,CTWR 516,,CTWR 529,
1589,CTWR 553,,,,,"CTWR 514, CTWR 533",
1590,CTPR 581,,,,,"CTPR 546, CTPR 547",
1591,CTPR 582,,,,,"CTPR 546, CTPR 547",
1592,CTPR 583,,,,,"CTPR 573, CTPR 546, CTPR 547, CTPR 553, CTPR 532, CTPR 523",
1593,CTPR 585,,,CTPR 558,,"CTPR 546, CTPR 547, CTPR 486, CTPR 538",
1594,CTPR 587,,,,,"CTPR 546, CTPR 547",
1595,PPD 633,,PLUS 580,,,,
1596,CE 583,,,,"CE 471, CE 408, CE 457",,
1597,CE 585,,,,CE 471,,
1598,CE 588,,,,CE 471,,
1599,PPD 634,,PLUS 581,,,,
1600,PPD 692,,PPD 584,,,PPD 501,
1601,CE 476,,,,,CE 309,
1602,CE 520,,,,,"CE 309, ENE 410",
1603,PM 612,,,,PM 510,,
1604,PM 570,,,,,PM 533,
1605,PM 528,,,,PM 500,,
1606,PM 526,,,,PM 500,,csr01188
1607,PMEP 539,,,,,"ECON 500, ECON 581",csr00998
1608,INTD 571,,BIOC 441,,,,
1609,INTD 504,"CBG 504, MICB 504, BIOC 504",,,,,
1610,PATH 553,,PATH 552,,,,
1611,PSCI 667,,,,INTD 531,,
1612,INF 553,CSCI 541,,,"INF 551, INF 552",,"csr00026, csr00286, csr00133, csr00249, csr02393, csr00107, csr01555, csr00024, csr00284"
1613,INF 554,CSCI 560,,,,,"csr00091, csr00021, csr00281, csr02571, csr01554, csr00865, csr00888, csr00115, csr00402, csr02037"
1614,MTAL 500,,MUED 500,,,,"csr00326, csr00329"
1615,MTAL 607,,MUED 607,,,,
1616,MTAL 502,,MUED 502,,,,csr00326
1617,MTAL 503,,MUED 503,,,,
1618,MTAL 721,,MUED 793,,,,"csr01059, csr01662, csr00848, csr01567, csr00326"
1619,MTAL 615,,,,MTAL 500,,
1620,MTAL 592,,MUED 592,,,MTAL 500,"csr01880, csr02345, csr01842, csr01752, csr02350, csr00688, csr02578, csr01494"
1621,BISC 505,,,,BISC 502,,
1622,BISC 577,,MATH 577,,,,
1623,MATH 578,,,,,"CSCI 570, BISC 320",
1624,EE 532,,,,,"EE 450, EE 457",
1625,EE 533,,,,,"EE 450, EE 457",
1626,EE 542,,,,"EE 450, EE 457",,"csr01204, csr02395, csr02291, csr00306, csr01194, csr02276, csr02378, csr00303, csr01191, csr02273"
1627,EE 557,,,,,EE 457,"csr01451, csr02000, csr02000, csr01185"
1628,EE 560,,,,,EE 457,
1629,EE 653,,,,,EE 557,
1630,EE 657,,,,,"EE 557, EE 450",
1631,EE 659,,,,,EE 557,
1632,EE 677,,,,,EE 557,
1633,EE 467,,,,,EE 301,
1634,EE 550,,,,,"EE 503, EE 450",
1635,EE 555,,,,,"EE 503, EE 450",
1636,EE 579,,,,,"EE 555, CSCI 551, EE 550",
1637,EE 597,,,,,"EE 503, EE 450, EE 467","csr00717, csr00972, csr00993"
1638,EE 650,,,,,"EE 503, EE 450, CSCI 551, EE 550",
1639,EE 652,,,,,"CSCI 402, EE 450",
1640,EE 536,,,,,"EE 479, EE 448",
1641,EE 537,,,,,EE 338,
1642,EE 552,,,,,EE 477,
1643,EE 577,,,,,EE 477,"csr00232, csr00557, csr00558, csr01681"
1644,EE 581,CSCI 593,,"EE 457, EE 477",,,
1645,EE 680,,,,,"EE 581, EE 577",
1646,CSCI 551,,,,,"CSCI 402, EE 450, CSCI 353, CSCI 350","udc00134, csr01022, csr01219, csr00305, csr01193, csr02275, csr02377, csr00506, csr00511"
1647,CSCI 555,,,,,"CSCI 402, CSCI 350","udc00123, csr02338, csr01455"
1648,CSCI 558,,,,,"CSCI 402, CSCI 450, EE 450, CSCI 551, CSCI 555",
1649,CSCI 530,,,,,CSCI 402,"udc00098, csr02114, csr01185, csr02001, csr02001, udc00097"
1650,CSCI 531,,,,"CSCI 104, CSCI 103",,"udc00148, csr01680, csr02094, csr01705, csr00264, csr01435, csr00208, csr01919, csr02086, csr02109"
1651,CSCI 556,,,,,"CSCI 570, CSCI 581","csr00264, csr01435, csr02109, csr00208, csr01705, csr01919, csr02086, csr01521, csr01680"
1652,EE 558,,,,EE 338,,
1653,CSCI 548,,,,,"CSCI 561, CSCI 585",
1654,CSCI 586,,,,,CSCI 585,udc00094
1655,CSCI 587,,,,,"SSCI 582, CSCI 585, CSCI 485",
1656,CSCI 653,,,,,CSCI 596,udc00132
1657,CSCI 685,,,,,"CSCI 585, CSCI 485",udc00094
1658,INF 551,CSCI 537,INF 559,,,,"csr01917, udc00004, csr00096, csr02034"
1659,CSCI 686,,,,,CSCI 567,"udc00179, csr00099, csr01549, csr00489, csr00031, csr01316, csr01535, csr01545, csr01331, csr02570"
1660,ISE 520,,,,,"MATH 225, EE 441",csr00168
1661,INF 558,CSCI 563,,,,"CSCI 567, INF 552, INF 551, CSCI 585, INF 553",
1662,CSCI 529,,,,"CTIN 488, CSCI 522",,"khn00639, khn00649, khn00659, khn00669, khn00679, khn00689, khn00699, khn00709, csr00868, csr02233"
1663,CSCI 424,,,,,"ITP 380, ITP 485",
1664,CSCI 520,,,,,"CSCI 580, CSCI 420",
1665,CSCI 523,,,,"CSCI 580, CSCI 420",,
1666,CSCI 524,,,,"CSCI 580, CSCI 420",,"udc00102, udc00116, udc00012, udc00138"
1667,CSCI 526,,,,"CSCI 580, CSCI 420",,
1668,CSCI 596,,,,"CSCI 455, MATH 458",,
1669,EE 553,,,,,EE 441,
1670,CSCI 402,,,,"CSCI 356, CSCI 455, CSCI 201, EE 352",,"udc00123, csr02338, csr01455"
1671,CSCI 510,ISE 512,,,,,"udc00137, udc00136, udc00099"
1672,CSCI 512,,,,CSCI 571,,"udc00099, udc00153, udc00081, udc00105, udc00137"
1673,CSCI 568,,,,,CSCI 577,csr01682
1674,MUCD 550,,,,,"MUCD 443, MUCD 441",
1675,MUHL 575,,,,,MUHL 570,
1676,MUHL 591,,,MUHL 570,,,
1677,MUHL 573,,,,,MUHL 570,
1678,MUHL 574,,,,,MUHL 570,
1679,MUHL 576,,,,,MUHL 570,
1680,MUHL 577,,,,,MUHL 570,
1681,MUHL 578,,,,,MUHL 570,
1682,ACCT 509,,"GSBA 518, GSBA 510",,,,"csr00919, csr01036, csr01893, csr00310, csr00881, csr01870"
1683,CE 566,,,,CE 556,,
1684,FBE 570,,,,,"GSBA 548, GSBA 521, FBE 591",
1685,FBE 589,,,,,"GSBA 548, GSBA 521",
1686,FBE 591,,,,,"GSBA 548, GSBA 521",
1687,CE 570,,,,,"CE 556, CE 470, CE 566",
1688,ART 515,CRIT 515,FA 515,,,,
1689,CRIT 555,,PAS 555,,,,
1690,CRIT 556,,PAS 555,,,CRIT 555,
1691,CRIT 557,,PAS 555,,,CRIT 556,
1692,CRIT 591,,PAS 591,,,,
1693,CRIT 594,,PAS 594,,,,
1694,INF 523,,,,,INF 519,
1695,INF 525,,,,,INF 519,
1696,INF 526,,,,,CSCI 530,"csr01001, csr01940, csr02029"
1697,CSCI 550,,,,,"CSCI 585, CSCI 485",
1698,DHYG 614,,,,,"DHYG 613, DHYG 612",
1699,DSM 510,,CMGT 534,,,,"csr02097, csr02311, csr01076, udc00200, csr00103, csr02031, csr00963, csr02532, csr01806, csr01132"
1700,DSM 520,,CMGT 538,,,,
1701,DSM 596,,,,,"DSM 520, DSM 550, DSM 510","csr01880, csr02345, csr01842, csr01494, csr00266, csr01437, csr02145, csr01752, csr02350, csr00688"
1702,DSM 550,,,,,"DSM 520, DSM 510",
1703,DSM 560,,,,,DSM 550,
1704,LAW 573,,,,,"LAW 829, LAW 819, LAW 715",
1705,LAW 712,,LAW 638,,,,csr01391
1706,PPD 509,,PUAD 530,,,,
1707,RED 542,,,,,RED 541,csr02075
1708,RED 544,,,,,RED 542,
1709,RED 546,,,,,RED 542,
1710,RED 562,,RED 662,,,,
1711,RED 573,,RED 673,,,,
1712,RED 574,,RED 674,,,,
1713,RED 575,,RED 675,,,,
1714,MUEN 550,,MUEN 450,,,,
1715,MUHL 572,,,,,MUHL 570,
1716,MUHL 589,,,MUHL 570,,,
1717,ECON 401,,,,,ECON 303,
1718,ECON 500,,,ECON 401,,"ECON 305, ECON 303",
1719,ECON 601,,ECON 503,,,"ECON 401, ECON 500",
1720,ECON 501,,,,,"ECON 305, ECON 401, ECON 303",
1721,ECON 602,,ECON 505,,,ECON 401,
1722,ECON 502,,,,,ECON 401,
1723,ECON 607,,,,,ECON 502,
1724,ECON 615,,,,,ECON 609,
1725,ECON 609,,ECON 511,,,ECON 611,
1726,ECON 513,,,,,ECON 318,
1727,ECON 523,,,,,ECON 303,
1728,ECON 537,,,,,ECON 303,
1729,ECON 541,,,,,"ECON 305, ECON 303",
1730,ECON 634,,ECON 534,,,"ECON 601, ECON 500",
1731,ECON 644,,,,,"ECON 601, ECON 602, ECON 500, ECON 501",
1732,ECON 650,,,,,"ECON 601, ECON 500",
1733,ECON 651,,,,,"ECON 601, ECON 500, ECON 501",
1734,EDCO 503,,,,,EDUC 500,
1735,EDCO 541,,,EDUC 500,,,
1736,EDHP 587,,,,"EDHP 565, EDHP 563",,
1737,EDUC 500,,EDCO 500,,,,
1738,EDUC 547,,EDCO 548,,,,
1739,EDUC 637,,EDCO 542,,,"EDCO 541, EDUC 500, EDUC 507",
1740,EE 503,,"EE 464, EE 465",,,,
1741,EE 512,,,,,"EE 503, EE 441",
1742,EE 535,,,,,EE 503,"csr01462, csr00659, csr01600"
1743,EE 554,,,,,EE 457,"csr02075, csr00491"
1744,EE 649,,,,,EE 503,
1745,EE 444,,,,,EE 202,
1746,EE 521,,,,,EE 443,csr01140
1747,EE 516,,,,,EE 443,
1748,EE 524,,,,,EE 443,
1749,EE 525,,,,,EE 443,
1750,EE 482,,AME 451,,,EE 301,
1751,EE 527,,,,"EE 482, EE 521",,
1752,EE 543,,EE 485,,,EE 482,
1753,EE 585,,AME 541,,,EE 441,
1754,EE 593,,,,,"EE 482, EE 585",
1755,AME 532,,,,AME 459,,
1756,EE 522,,,,,EE 483,csr01145
1757,EE 586,,,,,EE 483,
1758,EE 596,,,,,"MATH 570, EE 483, EE 441, EE 569",
1759,EE 619,,,,"CSCI 544, EE 503, EE 519",,
1760,EE 669,,,,EE 503,,
1761,EE 448,,,,,EE 348,"csr01143, csr01135, csr01151"
1762,EE 632,,,,,EE 536,csr01654
1763,EE 479,,,,,EE 348,
1764,EE 506,MASC 506,,,,,
1765,EE 540,,,,,EE 470,
1766,EE 601,MASC 601,,,"EE 471, EE 539",,
1767,EE 519,,,,,EE 483,
1768,EE 564,,,,,"EE 503, EE 441",
1769,EE 567,,,,"EE 503, EE 441",,
1770,EE 511,,,,EE 503,,
1771,EE 483,,,,,EE 301,csr01145
1772,EE 583,,,,,EE 503,csr01145
1773,EE 541,,,,,EE 348,
1774,EE 544,,,,,"EE 348, EE 364, EE 301",
1775,ISE 561,,,,,ISE 500,
1776,ISE 536,,,,,"MATH 225, EE 441",
1777,BAEP 552,,BAEP 566,"BAEP 549, GSBA 550, BAEP 550, BAEP 551",,,
1778,BAEP 554,,,,,"BAEP 556, BAEP 552, BAEP 566",
1779,MKT 525,,,,,"GSBA 528, GSBA 509",csr01047
1780,MKT 528,,,,,"GSBA 528, GSBA 509","csr00685, csr02575, csr01833, csr00687, csr02577, csr00688, csr02578, csr00705, csr00684, csr02574"
1781,MKT 530,,,,,"GSBA 528, GSBA 509",udc00045
1782,ENST 501,,,ENST 502,,,
1783,ENST 503,,,ENST 504,,ENST 501,
1784,ENST 540,,,,ENST 500,,
1785,PPD 621,,PLUS 561,,,,
1786,PPDE 632,,GEOG 601,,,,"csr00672, csr00770"
1787,FBE 524,,,,,"GSBA 548, GSBA 521","csr01826, csr01759, csr01863"
1788,FBE 529,,,,,"GSBA 548, GSBA 521","csr00953, csr00919, csr00946, csr01036, csr01862"
1789,FBE 531,,,,,"GSBA 548, GSBA 521","csr02208, csr01038"
1790,FBE 543,,,,,"FBE 506, GSBA 506, GSBA 545, GSBA 524, GSBA 516",
1791,FBE 555,,,,,"GSBA 548, GSBA 521",
1792,FBE 523,,,,,"GSBA 548, GSBA 521",
1793,FBE 527,,,,,"GSBA 548, GSBA 521",
1794,FBE 532,,,,,"GSBA 548, GSBA 521","csr02208, csr01864, csr01038"
1795,FBE 533,,,,,"GSBA 548, GSBA 521",
1796,FBE 535,,,,,"GSBA 548, GSBA 521",
1797,FBE 540,,,,,"GSBA 548, GSBA 521",
1798,FBE 554,,,,,"GSBA 548, GSBA 521",
1799,FBE 559,,,,,"GSBA 548, GSBA 521",csr01079
1800,FBE 560,,,,,"GSBA 548, GSBA 521",
1801,FBE 562,,,,,"GSBA 580, GSBA 549, GSBA 544, GSBA 581",
1802,FBE 571,,"FBE 572, FBE 573",,,"GSBA 548, GSBA 521","csr01036, csr00919"
1803,ISE 563,,,,ISE 220,,
1804,ECON 613,,,,,ECON 609,udc00180
1805,EE 500,,,,"EE 503, EE 483, EE 441",,"csr01020, csr01714, csr00202"
1806,EE 517,,,,,EE 503,"csr01601, csr00141, csr01637, csr00706"
1807,EE 556,,,,,"EE 512, EE 503, EE 562, ISE 538",
1808,ISE 539,,,ISE 538,,,
1809,ART 520,,FA 520,,,,
1810,ART 530,CRIT 530,,,,,
1811,ART 594,,FA 594,,,,
1812,SSCI 581,,GEOG 581,,,,
1813,SSCI 582,,GEOG 582,,SSCI 581,,udc00073
1814,SSCI 587,,GEOG 587,,SSCI 581,,
1815,SSCI 583,,GEOG 583,,SSCI 581,,
1816,SSCI 584,,,,SSCI 583,,
1817,SSCI 585,,GEOG 585,,SSCI 581,,"csr00965, csr02534, csr00900, csr01322, csr01469, csr02355, csr00260, csr00967, csr02536, csr00915"
1818,SSCI 586,,GEOG 586,,SSCI 582,,"csr00896, csr01318, csr01465, csr02351"
1819,SSCI 588,,GEOG 588,,SSCI 581,,
1820,SSCI 589,,GEOG 589,,SSCI 581,,
1821,SSCI 591,,GEOG 591,,SSCI 581,,"csr00896, csr01318, csr01465, csr02351, csr01337, csr00913"
1822,SSCI 592,,,,SSCI 591,,"csr00896, csr01318, csr01465, csr02351"
1823,SSCI 593,,,,SSCI 587,,"csr02051, csr00915"
1824,GDEN 710,,GDEN 716,,,"GDEN 711, GDEN 722, GDEN 725, GDEN 713, GDEN 715",
1825,GDEN 712,,OFPM 729,,,ADNT 701,
1826,MEDS 504,,,,,MEDS 503,
1827,BAEP 550,,"BAEP 549, GSBA 586, GSBA 550, BAEP 551",,,,csr01399
1828,BAEP 551,,"BAEP 549, GSBA 586, GSBA 550, BAEP 550",,,,
1829,DSO 582,,IOM 582,,"GSBA 504, GSBA 534",,"csr01888, csr01039"
1830,MEDS 527,,,,MEDS 500,,
1831,MEDS 554,,,,"MEDS 500, MEDS 501, MEDS 511, MEDS 510, MEDS 515, MEDS 514",,
1832,MEDS 555,,,,"MEDS 500, MEDS 501, MEDS 513, MEDS 515, MEDS 514",,
1833,MEDS 559,,,,"MEDS 500, MEDS 501, MEDS 535, MEDS 515",,
1834,MEDS 561,,,,"MEDS 500, MEDS 501, MEDS 518, MEDS 513",,
1835,MEDS 562,,,,"MEDS 500, MEDS 501, MEDS 535, MEDS 515",,
1836,MEDS 564,,,,"MEDS 500, MEDS 501, MEDS 535, MEDS 515",,
1837,MEDS 566,,,,"MEDS 500, MEDS 501, MEDS 535, MEDS 515",,
1838,DSO 586,,IOM 586,,,,"csr01888, csr01039"
1839,MKT 565,,,,,"GSBA 529, GSBA 509",
1840,DSO 549,,"ISE 507, IOM 549",,,,"csr00134, csr01508, csr02450, csr01482, csr01484, csr01509, csr02451, csr01485, csr01483, csr01511"
1841,DSO 557,,IOM 557,,,,"csr00320, csr00660, csr00316, csr00318, csr00319"
1842,DSO 581,,IOM 581,,"GSBA 504, GSBA 534",,"csr00320, csr00660, csr00318, csr00319, csr00316, csr01892, csr00317, csr00458"
1843,DSO 505,,IOM 505,,,,"csr00672, csr00770"
1844,DSO 506,,IOM 506,,,,csr00319
1845,DSO 520,,IOM 520,,,,"csr00316, csr00457"
1846,DSO 534,,DSO 532,DSO 516,,,
1847,DSO 580,,IOM 580,,"GSBA 504, GSBA 534",,"csr00965, csr02534, csr00300, csr01498, csr01638, csr00312, csr02137, csr01620, csr00481, csr01386"
1848,CHE 510,,AME 577,,,,
1849,AME 577,,CHE 510,,,,
1850,PPD 511,,,,"PPD 502, PPD 516",,"csr00910, csr01335, csr02369"
1851,PPD 510,,,,,"PPD 502, PPD 516","csr01036, csr01129, csr01100, csr01646, csr02295"
1852,PPD 512,,,,,PPD 509,
1853,PPD 513,,,,PPD 509,,
1854,PPD 514,,PUAD 537,,,PPD 501,
1855,PPD 515,,,,,"PPD 557, HMGT 520, PPD 545, PPD 511, PPD 513, PPD 514, PPD 509, HMGT 565, PPD 501",csr00705
1856,PPD 545,,PUAD 585,,,,
1857,PPD 558,,,,,"PPD 525, PPD 502",
1858,ARCH 550,,,,ARCH 549,,
1859,ARCH 551,,,,ARCH 549,,
1860,ARCH 556,,,,,ARCH 549,
1861,ARCH 691,,,,,ARCH 549,
1862,HRM 550,,,,,HRM 515,
1863,ISE 525,,,,ISE 225,,
1864,IDSN 515,,,,"IDSN 520, IDSN 525, IDSN 510, IDSN 540",,
1865,IDSN 540,,,,IDSN 510,,
1866,IDSN 545,,,,IDSN 510,,
1867,IDSN 550,,,,"IDSN 540, IDSN 510",,
1868,IDSN 560,,,,"IDSN 540, IDSN 510",,
1869,IDSN 570,,,,"IDSN 540, IDSN 510",,
1870,IDSN 520,,,,IDSN 510,,udc00027
1871,IDSN 525,,,,IDSN 510,,"csr00765, csr00801, csr00067, csr01361"
1872,IDSN 530,,,,IDSN 510,,"csr00399, csr02151"
1873,IDSN 505,,,,"IDSN 540, IDSN 510",,
1874,CTIN 542,,,,,CTIN 532,
1875,CTIN 548,,,,,CTIN 532,
1876,CTIN 594,,,,,CTIN 548,
1877,CTWR 526,,,,,CTWR 518,
1878,CTIN 583,,,,CTIN 506,,"csr00868, csr02233, csr01963, csr01963, csr00872, csr02237, csr01297, csr02036"
1879,MUEN 529,,MUEN 429,,,,
1880,MUJZ 545,,MUED 547,,,,
1881,MUJZ 547,,MUCO 547,,,,
1882,JOUR 531,,,,,JOUR 528,
1883,JOUR 524,,,,JOUR 552,,
1884,JOUR 555,,,,,"JOUR 553, JOUR 551",
1885,ARCH 414,,,,,"ARCH 214, ARCH 304",
1886,ARCH 542,,,,,ARCH 541,"khn01113, khn01123, khn01133, khn01143, khn01153, khn01163, khn01173, khn01183"
1887,ARCH 538,,,,,ARCH 537,
1888,ARCH 530,,ARCH 630,,,,
1889,ARCH 642,,,,,ARCH 542,"khn01113, khn01123, khn01133, khn01143, khn01153, khn01163, khn01173, khn01183"
1890,ARCH 407,,,,,ARCH 207,
1891,PPD 527,,PLUS 506,,,,
1892,PPD 530,,PLUS 510,,,,
1893,PPD 641,,,,,PPD 640,
1894,PPD 642,,,,,PPD 641,csr02209
1895,PPD 643,,,,,PPD 642,
1896,EDUC 589,,EDPT 520,,,,
1897,EDUC 595,,EDPT 520,,,,
1898,GSBA 502,,"GSBA 523, GSBA 542, GSBA 502",,,,"csr01623, csr02448, csr01622, csr02447"
1899,LIM 598,,,,,"LIM 500, LIM 501, LIM 502, LIM 503, LIM 504, GSBA 502",
1900,FBE 587,,"FBE 558, FBE 557",,,,
1901,PPD 649,,PUAD 516,,,,
1902,BISC 445,,,,,"BISC 313, BISC 325, BISC 320, BISC 330, BISC 221, BISC 220, BISC 120, BISC 121",
1903,BISC 455,,,BISC 431,,BISC 320,
1904,BISC 511,,BISC 510,,,,
1905,BISC 512,,BISC 510,,,,
1906,GEOL 500,,,,GEOL 577,,
1907,GEOL 501,,,,GEOL 433,,
1908,GEOL 555,,,,"GEOL 412, GEOL 460, GEOL 512",,
1909,GEOL 560,,,,,GEOL 460,
1910,GEOL 577,,,,GEOL 433,,
1911,OS 512,GEOL 512,,,,"CHEM 105, MATH 126",
1912,MKT 543,,,,,"GSBA 528, GSBA 509","udc00180, csr01821"
1913,MKT 512,,,,,"GSBA 528, GSBA 509","csr00307, csr00878, csr01867"
1914,MKT 556,,,,,"GSBA 528, GSBA 509","csr01035, csr01825, csr01831, csr00999, csr00715, csr00970, csr01891, csr01050, csr01083"
1915,MKT 560,,,,,"GSBA 528, GSBA 509","csr01085, csr01051, csr01850, csr00794, csr01825, csr01050, csr01035"
1916,EDUC 515,,,,,"EDCO 541, EDUC 500, EDUC 507",
1917,EDUC 544,,EDCO 544,,,,
1918,EDUC 546,,EDCO 546,,,,
1919,EDUC 634,,,,,"EDCO 541, EDUC 500, EDUC 507",
1920,EDUC 635,,EDCO 554,,,"EDCO 541, EDUC 500, EDUC 507",
1921,EDUC 636,,EDCO 516,,,EDUC 507,
1922,EDUC 638,,EDCO 551,,,,
1923,EDUC 644,,EDCO 560,,,"EDUC 546, EDCO 541, EDUC 500, EDUC 507",
1924,EDUC 645,,EDCO 561,,,EDUC 644,
1925,LAW 869,,,,,LAW 630,
1926,LAW 658,,,,,LAW 603,
1927,MATH 530,,MATH 503,,"MATH 407, MATH 225",,
1928,ECON 659,,,,,ECON 601,"csr01078, csr00711, csr01092, csr01715"
1929,MATH 508,,,,,MATH 507,
1930,MATH 509,,,,,"MATH 507, MATH 505",udc00158
1931,MATH 585,,,,,"MATH 525, MATH 570",
1932,ECON 614,,,,,ECON 604,
1933,ECON 652,,,,,ECON 601,"csr00711, csr01092, csr01715, csr01078, csr01838, csr00755, csr00936, csr02216"
1934,AME 514,,,,AME 513,,
1935,AME 581,,,,"AME 310, MATH 245, PHYS 153",,
1936,AME 582,,,,,"PHYS 153, AME 581, AME 526",
1937,AME 541,,EE 585,,,AME 451,
1938,AME 515,,,,"AME 331, AME 526",,
1939,AME 517,,,"AME 526, AME 525",,AME 331,
1940,AME 533,,,,,AME 457,
1941,AME 537,,,,"AME 309, MATH 445",,
1942,AME 455,,,,"AME 310, AME 301, AME 309",,
1943,AME 534,,,,,"AME 530, AME 581, AME 457, AME 526",
1944,AME 583,,,,,"PHYS 153, AME 581, AME 526",
1945,BME 650,,,,BME 513,,
1946,BME 620,,,,,BME 502,
1947,BIOC 575,,,,INTD 571,,
1948,INTD 551,,,,,INTD 550,
1949,PM 532,,,,PM 512,,
1950,PM 554,,,,PM 529,,
1951,PM 537,,,,,PM 512,
1952,PM 553,,,,PM 510,,
1953,PM 558,,,,"PM 510, PM 512",,
1954,PM 586,,,,,"PM 510, PM 512",
1955,BISC 414,,,,,BISC 325,csr01650
1956,BISC 425,,,,,BISC 325,
1957,EDUC 569,,EDUC 569,,,,
1958,MUHL 579,,,,,MUHL 570,
1959,MUIN 520,,,,,MUIN 510,
1960,MUIN 523,,,,,MUIN 510,csr00996
1961,MUIN 530,,,,,MUIN 520,
1962,MUIN 540,,,,,MUIN 520,
1963,MUIN 541,,,,,MUIN 522,
1964,MUIN 542,,,,,MUIN 510,
1965,MUIN 598,,,,,MUIN 510,
1966,MUIN 526,,,,,"MUIN 511, MUIN 510",
1967,PPD 542,,"PUAD 529, PUAD 525",,,PPD 502,
1968,PPD 675,,,,PPD 689,,"csr01877, csr02342, csr02209"
1969,PPDE 645,,PPD 541,,,,"csr01036, csr00919"
1970,PPDE 682,,,,,"PPD 542, PPD 675, PPD 689","csr02209, csr01877, csr02342"
1971,ANST 503,,,,,"ANST 501, ANST 502",
1972,ANST 504,,,,,"ANST 501, ANST 502",
1973,ANST 506,,,,,"ANST 505, ANST 504, ANST 503",
1974,ANST 507,,,,,"ANST 505, ANST 504, ANST 503",
1975,ANST 509,,,,,"ANST 505, ANST 507, ANST 506",
1976,ANST 513,,,,,ANST 511,
1977,ANST 514,,,,,ANST 513,
1978,NURS 507,,,,,NURS 503,
1979,NURS 600,,,,,"NURS 503, NURS 507",
1980,NURS 601,,,,,NURS 600,
1981,NURS 603,,,,,NURS 602,"khn00006, khn00016, khn00026, khn00036, khn00046, khn00056, khn00066, khn00076"
1982,NURS 604,,,,,NURS 600,
1983,NURS 607,,,,,"NURS 503, NURS 600, NURS 602, NURS 603, NURS 507",
1984,SOWK 506,,"SOWK 503, SOWK 505",,,,
1985,OT 534,,OT 504,,,,
1986,OT 537,,OT 570,,,,
1987,OT 538,,OT 508,,,,
1988,OT 540,,OT 580,,,,"csr02209, csr01800"
1989,OT 545,,OT 585,,,,
1990,OT 586,,OT 486,,,,
1991,ISE 532,,,,,"ISE 536, ISE 330",
1992,ISE 582,,,,,ISE 382,
1993,SAE 541,,ISE 541,,,,csr01634
1994,MUEN 526,,MUEN 426,,,,
1995,MUEN 523,,MUEN 423,,,,
1996,MUEN 525,,MUEN 425,,,,
1997,MUEN 527,,MUEN 427,,,,
1998,MUEN 520,,MUEN 420,,,,
1999,MUEN 530,,MUEN 430,,,,
2000,PTE 507,,,,,PTE 464,
2001,PTE 508,,,,PTE 507,,
2002,PTE 517,,,,,PTE 464,
2003,PTE 531,,,,,"PTE 464, PTE 507",
2004,PTE 502,,,,,"PTE 411, PTE 461",
2005,PTE 503,,,,PTE 507,,csr01835
2006,PTE 505,,,,PTE 508,,
2007,PMEP 525,,PMEP 538,,,,
2008,PMEP 526,,,,,PMEP 525,
2009,PMEP 527,,,,,"PMEP 525, PMEP 526",
2010,PMEP 535,,"PMEP 529, PMEP 519",,PMEP 509,,
2011,PMEP 552,,,,,"PMEP 551, PPD 558",
2012,ECON 419,,,,,"ECON 318, MATH 226, MATH 225, MATH 125, MATH 126, ECON 317, ECON 305, ECON 303",
2013,ECON 603,,,,,ECON 601,
2014,ECON 604,,,,,ECON 601,"csr00868, csr02233, csr01689, csr02210, csr00554"
2015,ECON 611,,ECON 514,,,MATH 226,"khn00877, khn00897, khn00927, khn00937, khn00947, khn00881, khn00901, khn00911, khn00871, khn00891"
2016,ECON 688,,,,,"ECON 601, ECON 600, ECON 603, ECON 680, ECON 615, ECON 612",
2017,PCPA 506,,,,,PCPA 503,
2018,PCPA 526,,,,,PCPA 523,
2019,PCPA 546,,,,,PCPA 543,
2020,PCPA 509,,,,,PCPA 506,
2021,PCPA 529,,,,,PCPA 526,
2022,PCPA 549,,,,,PCPA 546,
2023,PCPA 532,,,,,PCPA 529,
2024,PPD 524,,PLUS 501,,,,
2025,PPD 525,,PLUS 502,,,,
2026,PPD 526,,PLUS 505,,,,
2027,PPD 529,,PLUS 509,,,,
2028,PPD 622,,PLUS 541,,,,
2029,PPD 624,,PLUS 547,,,,
2030,PPD 625,,PLUS 546,,,,
2031,RED 509,,,,,RED 542,
2032,PPD 615,,PLUS 534,,,,
2033,PPD 618,,PLUS 540,,,,
2034,PPD 619,,PLUS 562,,,,
2035,PPD 617,,PLUS 539,,,,
2036,PPD 620,,PLUS 563,,,,
2037,PPD 690,,PUAD 519,,,,
2038,PPD 627,,PLUS 573,,,,
2039,PPD 557,,,,,"PPD 525, PPD 502",csr01888
2040,PPD 630,,PLUS 566,,,,
2041,PPD 635,,PLUS 582,,,,
2042,PPD 628,,PLUS 552,,,,
2043,PPD 611,,PLUS 503,,,,
2044,PPD 612,,PLUS 504,,,,
2045,PPD 638,,PLUS 591,,,"PPD 612, PPD 611",
2046,PPD 531,,"PLUS 676, PLUS 576",,,,
2047,PPD 712,,PUAD 626,,,"PPD 554, PPD 501",
2048,EDHP 679,,,,,EDHP 500,
2049,CMPP 541,,"CMPP 541, CTPR 504",,,,
2050,CMPP 592,,CTPR 592,,,,
2051,AME 544,,,,,AME 451,
2052,PPD 540,,PUAD 500,,,,
2053,PPD 546,,,,,"PPD 542, PPD 540, PPD 557, PPD 545",
2054,PPD 541,,PPDE 645,,,,"csr01036, csr00919"
2055,PPD 661,,PUAD 552,,,,
2056,PPD 662,,PUAD 553,,,,
2057,PPD 663,,PUAD 554,,,,
2058,PPD 669,,PUAD 564,,,,
2059,PPD 670,,PUAD 566,,,,
2060,PPD 688,,PUAD 557,,,PPD 501,
2061,PM 514,,,,"PM 512, PM 501",,
2062,PM 546,,,,PM 512,,
2063,PM 540,,,,PM 530,,
2064,PM 567,,,,"PM 512, PM 501",,
2065,PM 568,,,,PM 501,,
2066,PM 577,,LAW 707,,,,
2067,PM 547,,,,,PM 509,
2068,PPD 560,,PUAD 572,,,"PPD 554, PPD 502, PPD 501",
2069,PM 548,,,,,"PM 508, PM 512",
2070,PM 555,,,,PM 529,,
2071,PM 504,,,,,PM 508,
2072,PPD 561,,PUAD 589,,,,
2073,PPD 654,,PPD 518,,,,
2074,PPD 656,,PUAD 545,,,,
2075,PPD 673,,PUAD 574,,,,
2076,PPD 587,ISE 587,,,,,csr01079
2077,PPD 647,,PUAD 513,,,PPD 501,
2078,PPDE 660,,,,,PPD 501,
2079,PPDE 661,,,,,PPD 558,
2080,SOCI 621,,,,,SOCI 521,"csr01735, csr00847, csr01566"
2081,ECON 610,,,,,"ECON 602, ECON 605",
2082,ECON 612,,,,,ECON 609,
2083,MSCR 571,,MUCH 571,,,,
2084,MSCR 572,,MUCH 572,,,,
2085,MSCR 590,,MUCH 590,,,,
2086,MSCR 473,,MUCH 473,,,,
2087,MSCR 474,,MUCH 474,,,,
2088,EDCO 574,,,,,"EDCO 541, EDCO 503",
2089,EDCO 575,,,,,EDCO 574,
2090,SCOR 502,,"MUCO 545, MUCO 520",,,,
2091,SCOR 503,,MUCO 440,,,,
2092,SCOR 504,,MUCO 443,,,,
2093,SCOR 505,,MUCO 540,,,,
2094,SCOR 506,,MUCO 522,,,,
2095,SCOR 511,,MUCO 442,,,,
2096,SCOR 521,,MUCO 560,,,,
2097,SCOR 523,,MUCO 523,,,,
2098,BAEP 566,,BAEP 552,BAEP 591,,,
2099,BAEP 567,,,,,BAEP 556,
2100,SOWK 536,,SOWK 534,,,,
2101,SOWK 544,,"SOWK 545, SOWK 543",,,,
2102,SOWK 546,,SOWK 562,,,,"khn00081, khn00085, khn00091, khn00095, khn00101, khn00105, khn00111, khn00115, khn00121, khn00125"
2103,SOWK 589,,SOWK 586,,,,
2104,SOWK 698,,,,,"SOWK 589, SOWK 588",
2105,SOWK 699,,SOWK 686,,,"SOWK 589, SOWK 588",
2106,SSCI 580,,,,"INF 510, SSCI 581",,
2107,JOUR 593,,,,,JOUR 591,
2108,DSR 574,SCRM 574,,,,,
2109,DSR 620,SCRM 620,,,,,
2110,DSR 610,SCRM 610,,,,,
2111,SCRM 515,,,,SCRM 513,,
2112,SCRM 590,,,,,"SCRM 555, SCRM 522, SCRM 580, SCRM 524, SCRM 515, SCRM 513, SCRM 511",
2113,PR 504,,JOUR 504,,,"PR 508, JOUR 508",csr01115
2114,PR 508,,JOUR 508,,,,"csr01114, csr01118, csr01115, csr01116, csr01126"
2115,PR 510,,JOUR 510,,,,
2116,PR 527,,JOUR 527,,,"PR 508, JOUR 535, JOUR 508, PR 535",
2117,PR 535,,JOUR 535,,,,"csr01114, csr01115, csr01116, csr01118"
2118,SAE 542,,ISE 542,,,,csr01634
2119,SAE 550,,ISE 550,,,,
2120,ISE 506,SAE 551,SAE 551,,,,csr00134
2121,AME 521,,,,,AME 420,
2122,AME 548,,,,,"EE 545, EE 482, AME 451",csr02289
2123,EE 587,,,,,"EE 482, EE 585",
2124,EE 551,,,,,"EE 470, EE 364",
2125,EE 563,,,,,EE 503,
2126,CE 525,,CE 525,,,,
2127,CE 536,,,,,"CE 459, CE 541",
2128,EDUC 516,,EDUC 517,,,,
2129,MTAL 505,,MUED 505,,,,csr00326
2130,MTAL 501,,MUED 501,,,,
2131,MTAL 504,,MUED 504,,,,
2132,MTAL 594,,MUED 594,,,,
2133,MTAL 590,,MUED 590,,,,
2134,EDUC 596,,EDUC 540,,,,
2135,EDUC 639,,EDUC 561,,,,
2136,EDUC 649,,EDUC 562,,,,
2137,EDUC 655,,EDUC 565,,,,
2138,EDUC 656,,"EDUC 571, EDUC 592",,,,csr01683
2139,THTR 556,,,,,THTR 555,
2140,THTR 558,,,,,THTR 555,
2141,TRGN 515,,,,,"TRGN 514, TRGN 510","csr00991, csr00059, csr02454"
2142,TRGN 516,,,,,"TRGN 514, TRGN 510",
2143,TRGN 525,,,,,TRGN 524,
2144,TRGN 537,,MEDS 537,,,,
2145,TRGN 544,,,,,TRGN 543,
2146,TRGN 536,,MEDS 536,,,,
2147,TRGN 538,,MEDS 538,,,,
2148,TRGN 539,,MEDS 539,,,,
2149,TRGN 540,,MEDS 540,,,,
2150,TRGN 541,,MEDS 541,,,"TRGN 540, TRGN 539",
2151,TRGN 542,,MEDS 542,,,,
2152,TRGN 545,,,,,TRGN 537,
2153,ANTH 577,,,,,ANTH 576,
2154,CTWR 521,,,CTWR 514,,,
2155,CTWR 534,,,CTWR 514,,,
2156,CTWR 502,,,,CNTV 501,,
2157,CTWR 537,,,,,CTWR 514,
2158,CTWR 539,,,,,CTWR 514,
2159,CTWR 515,,,,,"CTWR 514, CTWR 515",
2160,CTWR 517,,,CTWR 534,,CTWR 514,
2161,CTWR 519,,,CTWR 521,,CTWR 514,
2162,CTWR 559,,,,,CTWR 514,csr00792
2163,CTWR 555,,,,,"CTWR 514, CTWR 415, CTWR 305, CTWR 533",
2164,CTWR 557,,,,,"CTWR 539, CTWR 537",
2165,CTWR 560,,,,,CTWR 559,
2166,CTWR 520,,,,,"CTWR 514, CTWR 533",csr01505
2167,CTWR 522,,,,,"CTWR 514, CTWR 529",
2168,CTWR 549,,,,,CTWR 539,
2169,CTWR 550,,,,,"CTWR 514, CTWR 529","csr01690, csr02211"
2170,CTWR 585,,,,,CTWR 514,csr01505
2171,CTPR 536,,CTWR 536,,,,
2172,CBY 575,,CBY 575,,,,
2173,CBY 576,,CBY 575,,,,
2174,LAW 631,,,,,LAW 630,
2175,PPD 687,,,,,"PPD 675, PPD 689",csr00705
2176,ALI 224,,ALI 210,,,,
2177,ALI 225,,ALI 210,,,,
2178,ALI 234,,ALI 220,,,,
2179,ALI 235,,ALI 220,,,,"csr01505, csr00766"
2180,ALI 244,,"ALI 230, ALI 240",,,,
2181,ALI 245,,"ALI 231, ALI 240",,,,
2182,ALI 254,,ALI 259,,,,
2183,ALI 255,,ALI 258,,,,"csr01505, csr01624, csr02449, csr00768"
2184,RSCI 520,,MPTX 520,,,,
2185,IML 521,,,,,IML 520,
2186,SSCI 579,,,,SSCI 581,,
2187,SSCI 578,,,,SSCI 581,,"csr00898, csr01320, csr01467, csr02353"
2188,CMGT 581,,COMM 581,,,,
2189,HCDA 503,,,,HCDA 501,,csr01063
2190,HCDA 525,,,,HCDA 520,,
2191,CMGT 543,PR 583,,,,,
2192,EE 562,,EE 562,,,"EE 503, EE 441",
2193,CMGT 533,,COMM 533,,,,"csr00717, csr00972, csr00993, csr00718, csr00973, csr00715, csr00970, csr00999, csr00713, csr00968"
2194,LAW 796,,,,,LAW 776,
2195,LAW 850,,,,,LAW 849,
2196,LAW 892,,,,,LAW 891,
2197,LAW 707,,PM 577,,,,
2198,PR 501,,JOUR 501,,,,
2199,PR 534,,JOUR 534,,,,"csr01114, csr01115, csr01116, csr01118"
2200,PR 536,,JOUR 536,,,,"csr01126, csr01117"
2201,PR 568,,JOUR 568,,,,
2202,PPD 657,,PUAD 546,,,,
2203,LAW 737,,,,,LAW 736,
2204,LAW 771,,,"LAW 841, LAW 772",,,
2205,ARCH 614,,,,,"ARCH 214, ARCH 514",
2206,ARCH 573,,,,,ARCH 313,
2207,DSO 529,,IOM 529,,,"GSBA 516, GSBA 506, GSBA 545, GSBA 524","csr00040, csr00396, csr00932, csr00007, csr00273, csr00692, csr00928, csr01588"
2208,PPD 651,,PUAD 520,,,,
2209,ACCT 572,,,,,GSBA 510,"csr01036, csr00919, csr00310, csr00881, csr01870, csr01893"
2210,ACCT 581,,,,,GSBA 510,csr00956
2211,FBE 553,,,FBE 555,,"GSBA 548, GSBA 521",csr01079
2212,PPD 600,,,,,"PPD 510, HMGT 565, HMGT 520, PPD 516, PPD 545",
2213,PPD 677,,PUAD 581,,,,
2214,PPD 532,,PLUS 575,,,,
2215,DSO 583,,IOM 583,,"GSBA 504, GSBA 534",,csr01888
2216,PPD 658,,PUAD 547,,,,
2217,PPD 652,,PUAD 521,,,,
2218,REL 655,,,,REL 652,,
2219,SOWK 682,,,,,"SOWK 505, SOWK 535, SOWK 536, SOWK 506",
2220,PPDE 636,,,,PPD 631,,
2221,SOCI 642,,SOCI 552,,,,
2222,SOWK 684,,,,,"SOWK 503, SOWK 505, SOWK 506, SOWK 534, SOWK 535, SOWK 536",
2223,VISS 501,,MDA 501,,,,
2224,HIST 620,,,,HIST 520,,
2225,LAW 516,,,,,LAW 515,
2226,EALC 506,,,,,EALC 406,
2227,EALC 541,,,,,HIST 436,
2228,EALC 543,,,,,"EALC 522, EALC 520",
2229,HIST 536,,,,,HIST 340,
2230,HIST 635,,,,,HIST 340,
2231,SOWK 763,,,,,SOWK 762,